/*
SQLyog Ultimate
MySQL - 8.0.11 : Database - flowers
*********************************************************************
*/

/*!40101 SET NAMES utf8 */;

/*!40101 SET SQL_MODE=''*/;

/*!40014 SET @OLD_UNIQUE_CHECKS=@@UNIQUE_CHECKS, UNIQUE_CHECKS=0 */;
/*!40014 SET @OLD_FOREIGN_KEY_CHECKS=@@FOREIGN_KEY_CHECKS, FOREIGN_KEY_CHECKS=0 */;
/*!40101 SET @OLD_SQL_MODE=@@SQL_MODE, SQL_MODE='NO_AUTO_VALUE_ON_ZERO' */;
/*!40111 SET @OLD_SQL_NOTES=@@SQL_NOTES, SQL_NOTES=0 */;
CREATE DATABASE /*!32312 IF NOT EXISTS*/`flowers` /*!40100 DEFAULT CHARACTER SET utf8 */;

USE `flowers`;

/*Table structure for table `about_concept` */

CREATE TABLE `about_concept` (
  `ac_id` int(11) NOT NULL AUTO_INCREMENT,
  `ac_p` char(100) DEFAULT NULL,
  PRIMARY KEY (`ac_id`)
) ENGINE=InnoDB AUTO_INCREMENT=4 DEFAULT CHARSET=utf8;

/*Data for the table `about_concept` */

insert  into `about_concept`(`ac_id`,`ac_p`) values 
(1,'2012年创立于成都，花庭阁是极具知名度的精品花店连锁和花艺培训机构。一直秉承着创新和优雅并进的设计理念， 是国内第一家将永生花放入花盒的品牌。'),
(2,'花庭阁清新优雅的理念适合每日的品质生活；庭阁也是表达人与人之间真情实意的首选；花里出现在婚礼、活动、派对等场合，彰显出主人不群的品味。'),
(3,'做最好的服务，优质的产品，尽量做到让每一位庭阁用户体验到不一样的浪漫，根据每一位用户的需求做出最好的建议。');

/*Table structure for table `about_history` */

CREATE TABLE `about_history` (
  `ah_id` int(11) DEFAULT NULL,
  `ah_h1` varchar(10) DEFAULT NULL,
  `ah_h3` varchar(20) DEFAULT NULL,
  `ah_p` varchar(100) DEFAULT NULL,
  `ah_url` varchar(20) DEFAULT NULL
) ENGINE=InnoDB DEFAULT CHARSET=utf8;

/*Data for the table `about_history` */

insert  into `about_history`(`ah_id`,`ah_h1`,`ah_h3`,`ah_p`,`ah_url`) values 
(1,'品牌起源1111','BRAND ORIGIN','2012年创立于成都，花庭阁是极具知名度的精品花店连锁。一直秉承着创新和优雅并进的设计理念,是国内第一家将永生花放入花盒的品牌。','histroy001.jpg');

/*Table structure for table `about_relation` */

CREATE TABLE `about_relation` (
  `ar_p1` varchar(20) DEFAULT NULL,
  `ar_p2` varchar(50) DEFAULT NULL,
  `ar_p3` varchar(50) DEFAULT NULL,
  `ar_url` varchar(10) DEFAULT NULL
) ENGINE=InnoDB DEFAULT CHARSET=utf8;

/*Data for the table `about_relation` */

insert  into `about_relation`(`ar_p1`,`ar_p2`,`ar_p3`,`ar_url`) values 
('花庭阁有限公司','成都市武侯区云华路666号','028-234-2311',NULL);

/*Table structure for table `aboutbanner` */

CREATE TABLE `aboutbanner` (
  `ab_id` int(11) DEFAULT NULL,
  `ab_url` varchar(30) DEFAULT NULL
) ENGINE=InnoDB DEFAULT CHARSET=utf8;

/*Data for the table `aboutbanner` */

insert  into `aboutbanner`(`ab_id`,`ab_url`) values 
(1,'about-banner.png'),
(2,'about-小banner.png');

/*Table structure for table `add_form` */

CREATE TABLE `add_form` (
  `a_id` int(11) NOT NULL AUTO_INCREMENT,
  `u_l_id` int(11) DEFAULT NULL,
  KEY `FK_Reference_25` (`a_id`),
  KEY `FK_Reference_26` (`u_l_id`),
  CONSTRAINT `FK_Reference_25` FOREIGN KEY (`a_id`) REFERENCES `postaddress` (`a_id`) ON DELETE CASCADE ON UPDATE CASCADE,
  CONSTRAINT `FK_Reference_26` FOREIGN KEY (`u_l_id`) REFERENCES `users` (`u_l_id`) ON DELETE CASCADE ON UPDATE CASCADE
) ENGINE=InnoDB AUTO_INCREMENT=3 DEFAULT CHARSET=utf8;

/*Data for the table `add_form` */

insert  into `add_form`(`a_id`,`u_l_id`) values 
(1,1),
(2,1);

/*Table structure for table `admin` */

CREATE TABLE `admin` (
  `a_id` int(11) NOT NULL AUTO_INCREMENT,
  `a_user` char(10) DEFAULT NULL,
  `a_psd` char(20) DEFAULT NULL,
  `a_name` char(10) DEFAULT NULL,
  `a_data` char(20) DEFAULT NULL,
  `a_jy` char(10) DEFAULT NULL,
  `a_email` char(20) DEFAULT NULL,
  `a_read` char(10) DEFAULT NULL,
  `a_play` char(20) DEFAULT NULL,
  PRIMARY KEY (`a_id`)
) ENGINE=InnoDB AUTO_INCREMENT=40 DEFAULT CHARSET=utf8;

/*Data for the table `admin` */

insert  into `admin`(`a_id`,`a_user`,`a_psd`,`a_name`,`a_data`,`a_jy`,`a_email`,`a_read`,`a_play`) values 
(4,'33','112233',NULL,NULL,'false','33','true','test,管理员'),
(29,'1','1',NULL,NULL,'false','1','true','test,管理员'),
(30,'1','1',NULL,NULL,'true','1','false','管理员'),
(31,'1','1',NULL,NULL,'false','1','false',''),
(32,'1','1',NULL,NULL,'false','1','false',',管理员,test'),
(33,'1','1',NULL,NULL,'false','1','false',''),
(34,'1','1',NULL,NULL,'true','1','true','管理员'),
(35,NULL,NULL,NULL,NULL,NULL,NULL,NULL,NULL),
(36,NULL,NULL,NULL,NULL,NULL,NULL,NULL,NULL),
(37,NULL,NULL,NULL,NULL,NULL,NULL,NULL,NULL),
(38,NULL,NULL,NULL,NULL,NULL,NULL,NULL,NULL),
(39,NULL,NULL,NULL,NULL,NULL,NULL,NULL,NULL);

/*Table structure for table `bigtype` */

CREATE TABLE `bigtype` (
  `c_id` int(11) NOT NULL AUTO_INCREMENT,
  `c_ids` int(11) DEFAULT NULL,
  `c_name` varchar(20) DEFAULT NULL,
  `c_ord` varchar(10) DEFAULT 'c_id',
  PRIMARY KEY (`c_id`)
) ENGINE=InnoDB AUTO_INCREMENT=4 DEFAULT CHARSET=utf8;

/*Data for the table `bigtype` */

insert  into `bigtype`(`c_id`,`c_ids`,`c_name`,`c_ord`) values 
(1,1,'花之场景','c_id'),
(2,2,'花之类别','c_id'),
(3,3,'花之对象','c_id');

/*Table structure for table `bobj` */

CREATE TABLE `bobj` (
  `o_id` int(11) NOT NULL AUTO_INCREMENT,
  `c_id` int(11) DEFAULT NULL,
  `o_name` varchar(20) DEFAULT NULL,
  `c_ord` varchar(11) DEFAULT 'o_id',
  PRIMARY KEY (`o_id`),
  KEY `FK_Reference_28` (`c_id`),
  CONSTRAINT `FK_Reference_28` FOREIGN KEY (`c_id`) REFERENCES `bigtype` (`c_id`) ON DELETE CASCADE ON UPDATE CASCADE
) ENGINE=InnoDB AUTO_INCREMENT=5 DEFAULT CHARSET=utf8;

/*Data for the table `bobj` */

insert  into `bobj`(`o_id`,`c_id`,`o_name`,`c_ord`) values 
(1,3,'恋人','o_id'),
(2,3,'爱人','o_id'),
(3,3,'好友','o_id'),
(4,3,'长辈','o_id');

/*Table structure for table `bsut` */

CREATE TABLE `bsut` (
  `s_id` int(11) NOT NULL AUTO_INCREMENT,
  `c_id` int(11) DEFAULT NULL,
  `s_name` varchar(20) DEFAULT NULL,
  `c_ord` varchar(11) DEFAULT 's_id',
  PRIMARY KEY (`s_id`),
  KEY `FK_Reference_30` (`c_id`),
  CONSTRAINT `FK_Reference_30` FOREIGN KEY (`c_id`) REFERENCES `bigtype` (`c_id`) ON DELETE CASCADE ON UPDATE CASCADE
) ENGINE=InnoDB AUTO_INCREMENT=8 DEFAULT CHARSET=utf8;

/*Data for the table `bsut` */

insert  into `bsut`(`s_id`,`c_id`,`s_name`,`c_ord`) values 
(1,1,'爱情鲜花','s_id'),
(2,1,'婚庆鲜花','s_id'),
(3,1,'哀思鲜花','s_id'),
(4,1,'道歉鲜花','s_id'),
(5,1,'商务鲜花','s_id'),
(6,1,'生日鲜花','s_id'),
(7,1,'探病鲜花','s_id');

/*Table structure for table `bvar` */

CREATE TABLE `bvar` (
  `t_id` int(11) NOT NULL AUTO_INCREMENT,
  `c_id` int(11) DEFAULT NULL,
  `t_name` varchar(20) DEFAULT NULL,
  `c_ord` varchar(11) DEFAULT 't_id',
  PRIMARY KEY (`t_id`),
  KEY `FK_Reference_29` (`c_id`),
  CONSTRAINT `FK_Reference_29` FOREIGN KEY (`c_id`) REFERENCES `bigtype` (`c_id`) ON DELETE CASCADE ON UPDATE CASCADE
) ENGINE=InnoDB AUTO_INCREMENT=9 DEFAULT CHARSET=utf8;

/*Data for the table `bvar` */

insert  into `bvar`(`t_id`,`c_id`,`t_name`,`c_ord`) values 
(1,2,'红玫瑰','t_id'),
(2,2,'白玫瑰','t_id'),
(3,2,'黄玫瑰','t_id'),
(4,2,'粉玫瑰','t_id'),
(5,2,'紫玫瑰','t_id'),
(6,2,'香槟玫瑰','t_id'),
(7,2,'康乃馨','t_id');

/*Table structure for table `bvarwarn` */

CREATE TABLE `bvarwarn` (
  `b_t_id` int(11) NOT NULL AUTO_INCREMENT,
  `t_num` int(11) DEFAULT NULL,
  `t_w` int(11) DEFAULT NULL,
  KEY `b_t_id` (`b_t_id`),
  CONSTRAINT `b_t_id` FOREIGN KEY (`b_t_id`) REFERENCES `bvar` (`t_id`) ON DELETE CASCADE ON UPDATE CASCADE
) ENGINE=InnoDB AUTO_INCREMENT=13 DEFAULT CHARSET=utf8;

/*Data for the table `bvarwarn` */

insert  into `bvarwarn`(`b_t_id`,`t_num`,`t_w`) values 
(1,400,20),
(2,455,100),
(3,4646,500),
(4,1210,200),
(5,1252,440),
(6,5325,300),
(7,633,150);

/*Table structure for table `classi` */

CREATE TABLE `classi` (
  `c_id` int(11) NOT NULL AUTO_INCREMENT,
  `c_name` varchar(10) DEFAULT NULL,
  PRIMARY KEY (`c_id`)
) ENGINE=InnoDB AUTO_INCREMENT=4 DEFAULT CHARSET=utf8;

/*Data for the table `classi` */

insert  into `classi`(`c_id`,`c_name`) values 
(1,'花之场景'),
(2,'花之类别'),
(3,'花之对象');

/*Table structure for table `course` */

CREATE TABLE `course` (
  `c_id` int(11) NOT NULL,
  `c_title` varchar(300) DEFAULT NULL,
  `c_conent` varchar(2000) DEFAULT NULL,
  PRIMARY KEY (`c_id`)
) ENGINE=InnoDB DEFAULT CHARSET=utf8;

/*Data for the table `course` */

/*Table structure for table `coursep` */

CREATE TABLE `coursep` (
  `cp_id` int(11) NOT NULL AUTO_INCREMENT,
  `cp_content` varchar(500) DEFAULT NULL,
  `cp_user` varchar(10) DEFAULT NULL,
  PRIMARY KEY (`cp_id`)
) ENGINE=InnoDB DEFAULT CHARSET=utf8;

/*Data for the table `coursep` */

/*Table structure for table `evaluate` */

CREATE TABLE `evaluate` (
  `f_id` int(11) DEFAULT NULL,
  `f_oid` bigint(20) DEFAULT NULL,
  `e_id` int(11) DEFAULT NULL,
  `e_word` varchar(100) DEFAULT NULL,
  `e_url` varchar(20) DEFAULT NULL,
  `e_grade` int(11) DEFAULT NULL,
  `e_shoptext` varchar(100) DEFAULT NULL,
  KEY `FK_Reference_16` (`f_id`),
  KEY `FK_Reference_17` (`f_oid`),
  CONSTRAINT `FK_Reference_16` FOREIGN KEY (`f_id`) REFERENCES `flowers` (`f_id`) ON DELETE CASCADE ON UPDATE CASCADE,
  CONSTRAINT `FK_Reference_17` FOREIGN KEY (`f_oid`) REFERENCES `forder` (`f_oid`) ON DELETE CASCADE ON UPDATE CASCADE
) ENGINE=InnoDB DEFAULT CHARSET=utf8;

/*Data for the table `evaluate` */

insert  into `evaluate`(`f_id`,`f_oid`,`e_id`,`e_word`,`e_url`,`e_grade`,`e_shoptext`) values 
(4,152852439393015,4,'店主人很nice，消息回复及时，我时间没算好，要求换了地址也按时送到了，点赞','10004.jpg',5,'亲，谢谢你的好评'),
(7,152852439393015,7,'店主人很nice，消息回复及时，我时间没算好，要求换了地址也按时送到了，点赞','10007.jpg',5,'爱买不买，不买滚！'),
(8,152852439393015,8,'店主人很nice，消息回复及时，我时间没算好，要求换了地址也按时送到了，点赞','10008.jpg',5,'爱买不买，不买滚'),
(10,152852439393015,10,'店主人很nice，消息回复及时，我时间没算好，要求换了地址也按时送到了，点赞','10010.jpg',5,'谢谢好评，欢迎下次光临'),
(9,152852439393015,9,'店主人很nice，消息回复及时，我时间没算好，要求换了地址也按时送到了，点赞','10009.jpg',5,'谢谢好评，欢迎下次光临'),
(13,152852439393015,12,'店主人很nice，消息回复及时，我时间没算好，要求换了地址也按时送到了，点赞','10002.jpg',3,'谢谢好评，欢迎下次光临'),
(2,152852439393015,2,'店主人很nice，消息回复及时，我时间没算好，要求换了地址也按时送到了，点赞','10002.jpg',2,'谢谢好评，欢迎下次光临'),
(5,152852439393015,5,'店主人很nice，消息回复及时，我时间没算好，要求换了地址也按时送到了，点赞','10005.jpg',2,'谢谢好评，欢迎下次光临'),
(15,152852439393015,14,'店主人很nice，消息回复及时，我时间没算好，要求换了地址也按时送到了，点赞','10002.jpg',3,'谢谢光顾本店'),
(1,152852439393015,1,'物流很快，能够及时发货','10002.jpg',5,'谢谢光顾本店'),
(18,152852439393015,16,'店主人很nice，消息回复及时，我时间没算好，要求换了地址也按时送到了，点赞','10003.jpg',5,'谢谢好评，欢迎下次光临'),
(1,152852439393015,16,'店主人很nice，消息回复及时，我时间没算好，要求换了地址也按时送到了，点赞','10003.jpg',5,'谢谢好评，欢迎下次光临');

/*Table structure for table `fdetimg` */

CREATE TABLE `fdetimg` (
  `f_id` int(11) DEFAULT NULL,
  `fi_url1` varchar(50) DEFAULT NULL,
  `fi_url2` varchar(50) DEFAULT NULL,
  `fi_url3` varchar(50) DEFAULT NULL,
  `fi_url4` varchar(50) DEFAULT NULL,
  `fi_url5` varchar(50) DEFAULT NULL,
  `fi_url6` varchar(50) DEFAULT NULL,
  `f_msg` varchar(2000) DEFAULT NULL,
  KEY `FK_Reference_6` (`f_id`),
  CONSTRAINT `FK_Reference_6` FOREIGN KEY (`f_id`) REFERENCES `flowers` (`f_id`) ON DELETE CASCADE ON UPDATE CASCADE
) ENGINE=InnoDB DEFAULT CHARSET=utf8;

/*Data for the table `fdetimg` */

insert  into `fdetimg`(`f_id`,`fi_url1`,`fi_url2`,`fi_url3`,`fi_url4`,`fi_url5`,`fi_url6`,`f_msg`) values 
(1,'10001-2.jpg','10001-3.jpg','10001-4.jpg','10001-5.jpg','10001-6.jpg',NULL,NULL),
(2,'10002-1.jpg','10002-2.jpg','10002-3.jpg','10002-4.jpg','10002-5.jpg','10002-6.jpg',NULL),
(3,'10003-1.jpg','10003-2.jpg','10003-3.jpg','10003-4.jpg','10003-5.jpg','10003-6.jpg',NULL),
(15,NULL,NULL,NULL,NULL,NULL,NULL,'11'),
(NULL,NULL,NULL,NULL,NULL,NULL,NULL,'<p><img src=\"/ueditor/images/1009254215001968640.png\"/></p><p><img src=\"/ueditor/images/1009254215090049024.png\"/></p><p><img src=\"/ueditor/images/1009254215069077504.png\"/></p><p>你好啊<br/></p>'),
(NULL,NULL,NULL,NULL,NULL,NULL,NULL,'<p><img src=\"/ueditor/images/1009322582006173696.jpg\"/></p><p><img src=\"/ueditor/images/1009322582039728128.jpg\"/></p><p><img src=\"/ueditor/images/1009322582064893952.jpg\"/></p><p><br/></p><p>niannadfafd</p><p><br/></p>'),
(2,NULL,NULL,NULL,NULL,NULL,NULL,'');

/*Table structure for table `flower_art` */

CREATE TABLE `flower_art` (
  `a_id` int(11) NOT NULL,
  `a_url` varchar(30) DEFAULT NULL,
  PRIMARY KEY (`a_id`)
) ENGINE=InnoDB DEFAULT CHARSET=utf8;

/*Data for the table `flower_art` */

/*Table structure for table `flowerlg` */

CREATE TABLE `flowerlg` (
  `lg_id` int(11) NOT NULL AUTO_INCREMENT,
  `lg_url` varchar(30) DEFAULT NULL,
  `lg_word` varchar(1000) DEFAULT NULL,
  PRIMARY KEY (`lg_id`)
) ENGINE=InnoDB DEFAULT CHARSET=utf8;

/*Data for the table `flowerlg` */

/*Table structure for table `flowers` */

CREATE TABLE `flowers` (
  `f_id` int(11) NOT NULL AUTO_INCREMENT,
  `s_id` int(11) DEFAULT NULL,
  `t_id` int(11) DEFAULT NULL,
  `o_id` int(11) DEFAULT NULL,
  `sp_id` int(11) DEFAULT NULL,
  `pc_id` int(11) DEFAULT NULL,
  `c_id` int(11) DEFAULT NULL,
  `f_name` varchar(20) DEFAULT NULL,
  `f_p` varchar(10) DEFAULT NULL,
  `f_mr` varchar(50) DEFAULT NULL,
  `f_pk` varchar(50) DEFAULT NULL,
  `f_word` varchar(100) DEFAULT NULL,
  `f_url` varchar(20) DEFAULT NULL,
  `f_chat` int(11) DEFAULT NULL,
  `f_sale` int(20) DEFAULT '0',
  `f_zmr` varchar(20) DEFAULT NULL,
  `f_zs` varchar(11) DEFAULT NULL,
  `f_fmr` varchar(20) DEFAULT NULL,
  `f_fs` varchar(11) DEFAULT NULL,
  `f_msg` varchar(2000) DEFAULT NULL,
  PRIMARY KEY (`f_id`),
  KEY `FK_Reference_13` (`pc_id`),
  KEY `FK_Reference_18` (`c_id`),
  KEY `FK_Reference_2` (`s_id`),
  KEY `FK_Reference_3` (`t_id`),
  KEY `FK_Reference_4` (`o_id`),
  KEY `FK_Reference_5` (`sp_id`),
  CONSTRAINT `FK_Reference_13` FOREIGN KEY (`pc_id`) REFERENCES `price` (`pc_id`) ON DELETE CASCADE ON UPDATE CASCADE,
  CONSTRAINT `FK_Reference_18` FOREIGN KEY (`c_id`) REFERENCES `classi` (`c_id`) ON DELETE CASCADE ON UPDATE CASCADE,
  CONSTRAINT `FK_Reference_2` FOREIGN KEY (`s_id`) REFERENCES `situation` (`s_id`) ON DELETE CASCADE ON UPDATE CASCADE,
  CONSTRAINT `FK_Reference_3` FOREIGN KEY (`t_id`) REFERENCES `ftype` (`t_id`) ON DELETE CASCADE ON UPDATE CASCADE,
  CONSTRAINT `FK_Reference_4` FOREIGN KEY (`o_id`) REFERENCES `object` (`o_id`) ON DELETE CASCADE ON UPDATE CASCADE,
  CONSTRAINT `FK_Reference_5` FOREIGN KEY (`sp_id`) REFERENCES `spec` (`sp_id`) ON DELETE CASCADE ON UPDATE CASCADE
) ENGINE=InnoDB AUTO_INCREMENT=403 DEFAULT CHARSET=utf8;

/*Data for the table `flowers` */

insert  into `flowers`(`f_id`,`s_id`,`t_id`,`o_id`,`sp_id`,`pc_id`,`c_id`,`f_name`,`f_p`,`f_mr`,`f_pk`,`f_word`,`f_url`,`f_chat`,`f_sale`,`f_zmr`,`f_zs`,`f_fmr`,`f_fs`,`f_msg`) values 
(1,1,1,1,1,3,1,'忘情巴黎','298','33枝红玫瑰，石竹梅围绕','黑色条纹纸，红色缎带花结','只想和你忘掉一切烦恼，尽情沉醉在最浪漫的气氛中。','10001.jpg',1,11,'红玫瑰','33',NULL,NULL,NULL),
(2,1,1,1,2,1,1,'一心一意aaa','165','红玫瑰11枝，粉色(或者紫色）勿忘我0.3扎，栀子叶适量搭配','内层白色雾面纸，外层牛皮纸,咖啡色花结','11枝玫瑰，寓意一心一意！有情之人，天天是节。一句寒暖，一线相喧；一句叮咛，一笺相传；一份相思，一心相盼；一份爱意，一生相恋','1529511989712.png',0,7,'红玫瑰','11','null','null',''),
(3,1,1,2,2,2,1,'一往情深','245','高档礼盒装鲜花:19枝红玫瑰，勿忘我适量','牛皮纸和深咖啡色条纹纸，银色缎带花结，魔力铁山灰包装盒','你的轻柔像阵微风，让我从容不迫，想让你知道，我对你始终一往情深。','10003.jpg',0,6,'红玫瑰','19',NULL,NULL,NULL),
(4,1,6,2,2,1,1,'恋恋情深','199','11枝香槟玫瑰，白百合2枝，栀子叶0.5扎','深浅绿双面人造纸2张，米白色缎带1.5米','喜欢像是一阵风，而爱你是细水长流','10004.jpg',1,6,'香槟玫瑰','11','白百何','2',NULL),
(5,1,1,2,6,3,1,'不变的承诺','569','99枝红玫瑰','黑色雪梨纸，黑色条纹纸，玻璃纸卷，酒红色缎带花结','下雨的时候，给她撑一把雨伞；寒冷的时候，给她一个温暖的臂弯；天黑了，永远有一盏灯为她点亮；晨起时，给她一缕温暖的阳光。爱她，就送她一束99枝的玫瑰花！','10005.jpg',0,3,'红玫瑰','99',NULL,NULL,NULL),
(6,1,4,1,4,2,1,'眷念','355','戴安娜粉玫瑰33枝，石竹梅围绕','内层银灰色厚棉纸，外层豌豆花压纹纸，紫红色缎带花结','怒放的生命中，缘分让我们相守，万花丛中，只为寻到你那惊艳万芳的容颜，今生今世，值得我去爱的仅仅是你，你就是我最大的眷念。','10006.jpg',0,4,'粉玫瑰','33',NULL,NULL,NULL),
(7,1,1,1,5,4,1,'用心爱你','713','99枝精品玫瑰花束：33枝粉色玫瑰组成的心形居中，66枝红玫瑰环绕，周围满天星点缀','里层粉色纸，外层粉色珠光纱，粉色丝带花结','合计99朵玫瑰，寓意想和你相守，直到天荒地老......33枝粉色玫瑰组成的心形居中，你是我三生三世的爱恋；66枝红玫瑰环绕，周围满天星点缀，我的爱永远不变！ ','10007.jpg',0,3,'粉玫瑰','33','红玫瑰','66',NULL),
(8,1,4,1,1,1,1,'你的香气','139','黛安娜玫瑰9枝，浅紫色勿忘我适量','白色雪梨纸，浅紫／香芋紫人造纸，豆沙色缎带花结','花开的季节，我迷恋你的香气，那是我思念的味道！','10008.jpg',0,0,'粉玫瑰','9',NULL,NULL,NULL),
(9,1,2,1,2,2,1,'真爱如初','245','高档礼盒装鲜花:雪山玫瑰11枝、深紫色勿忘我0.3扎','素染纸-浅灰2张，雪梨纸0.5张，银灰色logo缎带1米，魔力铁山灰盒(小)','用一袭白裙装扮你那无瑕的身姿，向一抹白云倾诉对你的思念，用一捧鲜花证明我不变的心。','10009.jpg',0,6,'白玫瑰','11',NULL,NULL,NULL),
(10,1,4,2,2,1,1,'为爱相随','179','多头百合1枝，戴安娜粉玫瑰11枝，搭配适量黄莺、满天星','内层淡紫色棉纸，外层粉色牛油瓦楞纸，紫红色缎带花结','你若不离，我必不弃。爱情是历经风雨的双手紧握；是一路同行的相濡以沫。','10010.jpg',1,3,NULL,NULL,NULL,NULL,NULL),
(11,1,4,1,3,2,1,'爱的小确幸','308','戴安娜粉玫瑰21枝，粉色桔梗5枝，石竹梅7枝','57#魔力铁山灰包装盒','一个人有一种幸福，爱是最简单的音符，啦啦啦~微小确定的幸福！','10011.jpg',1,0,NULL,NULL,NULL,NULL,NULL),
(12,1,2,3,4,3,1,'甜美公主','450','各色玫瑰共36枝：白玫瑰22枝，粉佳人粉玫瑰14枝；粉色桔梗5枝，尤加利0.5扎','绿色/浅绿色双面人造纸，白咖罗纹带花结','再多一点点距离，我就能靠近你。清晰甜美的空气里，爱你到不能呼吸。','10012.jpg',0,0,NULL,NULL,NULL,NULL,NULL),
(13,1,1,1,6,3,1,'LOVE 99','569','99枝精品红玫瑰花束，满天星围绕。','里层：网纱多层围绕，外层：红色纸包装，红色缎带花结','99朵靓丽的红玫瑰，献给你的至爱！','10013.jpg',1,0,NULL,NULL,NULL,NULL,NULL),
(14,1,1,2,4,3,1,'爱在心头','439','戴安娜粉玫瑰19枝，红玫瑰31枝','内层白色纱网，外层粉色白牛皮纸，红粉双色缎带花结','“此情无计可消除，才下眉头，却上心头。”李清照《一剪梅》','10014.jpg',0,0,NULL,NULL,NULL,NULL,NULL),
(15,1,2,3,2,2,1,'月光女神','238','白玫瑰11枝+绿色桔梗5枝，小菊3枝，白色石竹梅4枝，尤加利0.5扎','灰色雾面纸，白绿细罗纹带','那些芳香迷人的花儿啊，在无边的海水和长长的海岸之间，她将成为我的爱人。','10015.jpg',1,0,NULL,NULL,NULL,NULL,NULL),
(16,1,1,2,1,1,1,'真爱','129','红玫瑰9枝，石竹梅4枝，栀子叶0.5扎','内层雪梨纸1张，外层粉色opp雾面纸1.5米，白绿宽罗纹带','我用回忆温暖了想你的每一刻　不让你离我太遥远','10016.jpg',1,0,NULL,NULL,NULL,NULL,NULL),
(17,1,4,1,5,3,1,'不变的心','559','戴安娜玫瑰66枝 勿忘我适量围绕','内层粉色厚棉纸 外层银灰色短平板印花树叶草 粉紫双色缎带','爱上你是我今生最大的幸福，想你是我最甜蜜的痛苦，和你在一起是我的骄傲。没有你，我就像一只迷失了方向的船。','10017.jpg',0,0,NULL,NULL,NULL,NULL,NULL),
(18,1,1,2,2,1,1,'缘份','199','11枝红玫瑰,2枝多头白香水百合,黄莺丰满','内层白色雪梨纸 外层深红色牛油平面纸 咖啡色缎带花结','红玫瑰+百合，热烈而馨香，遇到你纯属偶然，谁能说清比缘份更深的东西，我的转身你成了我的风景，有一种惊喜暗藏于心。','10018.jpg',1,0,NULL,NULL,NULL,NULL,NULL),
(19,1,6,2,5,3,1,'天天天晴','590','香槟玫瑰66枝','青灰色双面牛皮纸4张，米白色缎带2米','你有没有发现，只要我们在一起，抬起头就是好天气。','10019.jpg',0,0,NULL,NULL,NULL,NULL,NULL),
(20,1,1,2,2,1,1,'缪斯女神','189','红玫瑰16枝，红豆5枝，粉色桔梗1枝，银叶菊2枝','白色opp雾面纸，黑色opp雾面纸，白咖细罗纹缎带','世间女子有各种类型：有些温婉如诗，有些独立若兰，有些奔放不羁……你是独一无二的落入凡间的美艳缪斯。','10020.jpg',1,0,NULL,NULL,NULL,NULL,NULL),
(21,1,6,3,2,2,1,'恰似你的温柔','245','高档礼盒装鲜花:香槟玫瑰11枝、深紫色勿忘我0.3扎','素染纸-浅灰2张，雪梨纸0.5张，银灰色logo缎带1米，魔力铁山灰盒(小)','你的温柔似水，静静无言，用心浇灌一份爱，等待最美的时刻绽放。','10021.jpg',0,0,NULL,NULL,NULL,NULL,NULL),
(22,1,4,2,4,2,1,'淳美之爱','306','戴安娜粉玫瑰33枝，白色相思梅5枝','灰蓝/香芋人造双面纸，豆沙色人造单面纸，白蓝细罗纹带','33朵娇美的粉玫瑰，朴素的包裹着。似乎又回到曾经的纯真岁月，那时的我们自然、淳朴。我对你的爱也一直如此，深沉不虚浮......','10022.jpg',0,0,NULL,NULL,NULL,NULL,NULL),
(23,1,4,1,6,3,1,'幸福久久','569','戴安娜粉玫瑰99枝，栀子叶适量','内层白色opp雾面纸，外层白底黑边纸，米白色缎带花结','阳光轻抚着你的脸，忘不了那唯美的画面；你给我的拥抱，加速了我心跳，幸福这般美好！','10023.jpg',0,0,NULL,NULL,NULL,NULL,NULL),
(24,1,1,1,2,1,1,'致美丽的你','149','红玫瑰11枝，满天星围绕，栀子叶0.5扎','外层浅灰紫/香芋紫人造纸，里层白色人造单面纸，白绿粗罗纹带','很爱你，想把你捧在手心，放在心里......11枝红玫瑰，寓意一心一意。纵然途中万般风景，我的眼里只有你！','10024.jpg',1,0,NULL,NULL,NULL,NULL,NULL),
(25,1,6,3,2,2,1,'我只钟情你','284','香槟玫瑰11枝、白色小雏菊3枝、浅紫色勿忘我4枝、栀子叶2枝','米白色平面纸1张、蓝色条纹纸1张、米白色缎带1米、60#大号魔力铁山灰包装盒','香槟玫瑰清新、脱俗，品位独特！让我们乘着芬芳的清风，手牵着手走过四季春秋。','10025.jpg',0,0,NULL,NULL,NULL,NULL,NULL),
(26,1,6,3,2,2,1,'阳光海岸','271','19枝香槟玫瑰，白色石竹梅围绕','英文纸，咖啡色缎带花结','和你手牵手漫步海边，在沙滩上画两颗心，心心相印，永不分离。','10026.jpg',0,0,NULL,NULL,NULL,NULL,NULL),
(27,1,1,1,4,2,1,'三生三世','299','33枝红玫瑰','黑色雪梨纸，黑色条纹纸，玻璃纸卷，酒红色缎带花结','遇见你的眉眼，如清风明月；顾盼流连，如时光搁浅，是重逢，亦如初见；你的喜悲忧乐我全都预见，三千繁花只为你一人留恋。','10027.jpg',1,0,NULL,NULL,NULL,NULL,NULL),
(28,1,2,3,6,4,1,'初心永不变','629','白玫瑰99枝，栀子叶适量','内层白色雪梨纸，外层牛皮纸，拉菲草缎带花结','最开始的地方，最动心的凝望，谢谢你陪我，在不忘初心的路上！','10028.jpg',1,0,NULL,NULL,NULL,NULL,NULL),
(29,1,4,4,2,2,1,'天使的心跳','269','粉佳人粉玫瑰19枝，粉色桔梗6枝','内层深咖啡平面牛油纸，外层浅粉色短平板，紫色缎带花结','你就是我的天使，带给我快乐的天使，你的心跳牵动着我的每一次呼吸。','10029.jpg',0,0,NULL,NULL,NULL,NULL,NULL),
(30,1,6,2,6,4,1,'恋恋不忘','760','香槟玫瑰99枝，叶上花围绕','内层咖啡色厚棉纸，外层英文报纸，咖啡色缎带花结','有一种幸福，叫美梦成真；有一种幸福，叫终成眷属；有一种幸福，叫恋恋不忘！','10030.jpg',0,0,NULL,NULL,NULL,NULL,NULL),
(31,1,4,3,2,1,1,'依靠','166','戴安娜12枝，紫色桔梗5枝，粉色勿忘我3枝，栀子叶0.5扎','粉色opp雾面纸，蓝灰色绝色纸，白绿罗纹带','做你的男人二十四个小时不睡觉，让胆小的你在黑夜中也会有个依靠。','10031.jpg',1,0,NULL,NULL,NULL,NULL,NULL),
(32,1,4,2,5,2,1,'甜蜜纪事','399','玫瑰共50枝：红玫瑰11枝、香槟玫瑰19枝、戴安娜粉玫瑰20枝、叶上花10枝','粉色吊花压纹纸3张、玻璃纸1.5米、粉色缎带1.5米','甜蜜幸福从这里起航……','10032.jpg',1,0,NULL,NULL,NULL,NULL,NULL),
(33,1,4,1,2,1,1,'假日公主','181','戴安娜粉玫瑰11枝，搭配混色石竹梅、栀子叶','粉色白牛皮纸，米白色平面纸，粉色缎带花结','你会邂逅公主，闪耀你自己的蓝宝石，去亲吻她的唇。','10033.jpg',0,0,NULL,NULL,NULL,NULL,NULL),
(34,1,1,2,2,2,1,'牵手一生','261','红玫瑰19枝，满天星围绕','白色opp雾面纸 浅紫香芋紫人造双面纸 白绿粗罗纹带','19枝红玫瑰寓意：永远爱你此情不渝。想念那条街,想念与你遇见的地方,想念和你的第一次牵手……永远无法忘记这些往昔的喜悦,它将永驻心间！','10034.jpg',0,0,NULL,NULL,NULL,NULL,NULL),
(35,1,8,3,1,2,1,'青青子衿','288','白色多头香水百合6枝，澳州腊梅做点缀','咖啡色条纹纸，牛皮纸，拉菲草','“青青子衿，悠悠我心”','10035.jpg',1,0,NULL,NULL,NULL,NULL,NULL),
(36,1,1,2,3,4,1,'邂逅浪漫','641','红玫瑰29枝，红色蔷薇10枝，灯台9枝，尤加利叶10枝','黑色opp雾面纸4张，灰色opp雾面纸3张，咖啡色缎带3米','爱是一生浪漫的邂逅，缘份花开在爱的枝头，你的一次回眸就是我的所有，今生注定为你停留。','10036.jpg',0,0,NULL,NULL,NULL,NULL,NULL),
(37,1,1,1,4,2,1,'秘密花园','368','高档礼盒装鲜花:33枝红玫瑰，少量绿叶','牛皮纸和深咖啡色条纹纸，银色缎带花结，魔力铁山灰包装盒','把你放在我的心里最好的位置，如同一位花园里的公主，每天幸福微笑。','10037.jpg',1,0,NULL,NULL,NULL,NULL,NULL),
(38,1,5,3,2,2,1,'浪漫香气','208','11枝冷美人紫玫瑰，粉百合2枝，白色相思梅5枝，栀子叶0.5扎','浅紫香芋紫人造纸2张，米白色缎带1.5米','你是我所有浪漫的源头，没有你，我便不再浪漫。','10038.jpg',1,0,NULL,NULL,NULL,NULL,NULL),
(39,1,1,1,6,4,1,'嫁给我吧/红玫瑰','760','红玫瑰108枝','黑色条纹纸、爱是静默玻璃纸','有了你，所有的心酸和痛苦都不过如此。你是治愈我的良药，我想和你共度一生，你愿意嫁给我吗？','10039.jpg',0,0,NULL,NULL,NULL,NULL,NULL),
(40,3,2,4,1,1,1,'清明节花束B','192','白玫瑰9枝+白香水百合2枝，白菊或白康乃馨点缀，配绿色叶材','白色平面纸2张单面包装，白色纱花结',NULL,'40001.jpg',0,0,NULL,NULL,NULL,NULL,NULL),
(41,3,2,4,2,1,1,'清明节花束A','156','12枝白色玫瑰','塑料纸包装',NULL,'40002.jpg',0,0,NULL,NULL,NULL,NULL,NULL),
(42,3,8,4,2,2,1,'清明节花束追忆','226','白菊6枝，白玫瑰6枝，白百合3枝（多头）','浅灰色皱纹纸圆形包装，白色丝带束扎',NULL,'40003.jpg',0,0,NULL,NULL,NULL,NULL,NULL),
(43,3,8,4,2,1,1,'清明节花束','185','铁炮百合12朵，适量绿色叶材','白色棉纸内衬、绿色平面纸单面包装',NULL,'40004.jpg',1,0,NULL,NULL,NULL,NULL,NULL),
(44,3,8,4,5,2,1,'瑶寄相思','338','30枝白菊，30枝白康乃馨，2枝天堂鸟，2枝白百合，2扎\r\n 勿忘我，鱼尾叶、蓬莱松丰满搭配。','圆形花圈','适用场合：哀悼','40005.jpg',0,0,NULL,NULL,NULL,NULL,NULL),
(45,3,2,4,2,4,1,'无限哀思','750','8枝绿掌，8枝百合，白太阳花，黄色和白色的玫瑰，点缀\r\n 白色小翠菊和丰富叶材 ','高约150公分，直径约100公分的丧事花圈，中间装饰白色大法国结。','适用场合：丧事','40006.jpg',0,0,NULL,NULL,NULL,NULL,NULL),
(46,3,8,4,1,4,1,'悼念','649','外层：白菊围成四圈；中间：绿掌2枝、白香水百合6朵、\r\n 白菊搭配；勿忘我、散尾叶、针叶等叶材适量。','圆形哀思花圈（直径1米）','适用场合：哀悼','40007.jpg',NULL,0,NULL,NULL,NULL,NULL,NULL),
(47,4,1,1,6,3,1,'不变的承诺','569','99枝红玫瑰','黑色雪梨纸，黑色条纹纸，玻璃纸卷，酒红色缎带花结','下雨的时候，给她撑一把雨伞；寒冷的时候，给她一个温暖的臂弯；天黑了，永远有一盏灯为她点亮；晨起时，给她一缕温暖的阳光。爱她，就送她一束99枝的玫瑰花！','70001.jpg',0,0,NULL,NULL,NULL,NULL,NULL),
(48,4,3,1,4,2,1,'阳光灿烂','308','向日葵3枝、金枝玉叶黄玫瑰19枝、白色石竹梅5枝、绿色小雏菊2枝、栀子叶5枝','英文牛皮报纸2张、白蓝细条纹罗文带1米','阳光灿烂的日子，愿你天天有：如花般的灿烂笑容，如花般的缤纷心情！','70002.jpg',0,0,NULL,NULL,NULL,NULL,NULL),
(49,4,6,1,3,2,1,'暗香','238','香槟玫瑰11枝，黄玫瑰8枝，红豆3枝，适量叶上花,银叶菊（如当地红豆缺货，用相思梅等其他寓意相近配材','内层米黄色不织布，外层绿色人造纸，白咖色罗纹缎带','这久违的感觉，那熟悉的气息。悠悠的，淡淡的，是那样的清甜，是那样的芳香。\r\n使我陶醉，令我痴狂。亦悬似真，如梦如幻。仿佛在诉说她的恬静与夜的清凉。','70003.jpg',0,0,NULL,NULL,NULL,NULL,NULL),
(50,4,3,1,2,2,1,'请原谅我','329','白百合2枝、浅蓝绣球1枝、金枝玉叶黄玫瑰6枝、香槟玫瑰3枝、栀子叶0.5扎、跳舞兰6枝','深浅绿双面人造纸2张、深棕色缎带2米','黄色的玫瑰表示的是道歉的含义，用诚心换取TA的谅解，不用言语就能化解心中的不快。','70004.jpg',0,0,NULL,NULL,NULL,NULL,NULL),
(51,4,8,1,2,2,1,'重新遇见','308','白百合2枝、雪山白玫瑰7枝、紫色洋桔梗3枝、栀子叶0.3扎、叶上白2枝、粉色绣球1枝','深灰色OPP雾面纸1张、粉色OPP雾面纸1张、白蓝细条纹罗文带1.5米','如果时光还来得及，我想重新再遇见你。我想我会再次坠入你的眼眸里。','70005.jpg',0,0,NULL,NULL,NULL,NULL,NULL),
(52,4,3,1,3,2,1,'想你了','339','金枝玉叶黄玫瑰19枝、绿色小雏菊3枝、红豆4枝、紫色洋桔梗3枝、栀子叶0.3扎','黑色OPP雾面纸2张、浅紫色丝带1.5米','那些日子你会不会舍不得，思念就像关不紧的门，空气里有幸福的灰尘。','70006.jpg',0,0,NULL,NULL,NULL,NULL,NULL),
(53,4,6,1,6,4,1,'99的爱','639','香槟玫瑰99枝，尤加利适量','内层米白色平面纸，外层黄/绿双面人造纸','过程太美就像我第一次遇见你，你傻的可爱我也没想过会爱的彻底，这一天，99的爱给你，幸福永远！','70007.jpg',0,0,NULL,NULL,NULL,NULL,NULL),
(54,4,8,3,2,2,1,'向阳的温暖','368','向日葵3枝，绿色康乃馨8枝，白百合2枝，栀子叶4枝，白色相思梅2枝','魔力铁山灰盒(60#)，英文报纸2张，绿色粗条纹罗文带1米','心若向阳，必生温暖。采用礼盒装，稳重大方，特别适合送父亲、男性朋友及客户、同事。','70008.jpg',0,0,NULL,NULL,NULL,NULL,NULL),
(55,4,6,1,4,2,1,'常相伴','348','香槟玫瑰16枝，绿色康乃馨12枝，白色相思梅5枝，栀子叶1扎，叶上白8枝。长城干红葡萄酒1支','黑色手提花篮1个（花篮样式依城市不同稍有差异，以当地出货为准）','仿佛阳光扑入怀抱，拥抱一个全新世界。那里有温暖的阳光，醉人的花香...','70009.jpg',0,0,NULL,NULL,NULL,NULL,NULL),
(56,2,1,2,6,3,1,'用心爱你','599','99枝精品玫瑰花束：33枝粉色玫瑰组成的心形居中，66枝红玫瑰环绕，周围满天星点缀','里层粉色纸，外层粉色珠光纱，粉色丝带花结','合计99朵玫瑰，寓意想和你相守，直到天荒地老......\n33枝粉色玫瑰组成的心形居中，你是我三生三世的爱恋；\n66枝红玫瑰环绕，周围满天星点缀，我的爱永远不变！','50001.jpg',0,0,NULL,NULL,NULL,NULL,NULL),
(57,2,1,2,6,3,1,'LOVE 99','569','99枝精品红玫瑰花束，满天星围绕。','里层：网纱多层围绕，外层：红色纸包装，红色缎带花结','99朵靓丽的红玫瑰，献给你的至爱！','50002.jpg',0,0,NULL,NULL,NULL,NULL,NULL),
(58,2,4,2,2,1,1,'为爱相随','179','多头百合1枝，戴安娜粉玫瑰11枝，搭配适量黄莺、满天星','内层淡紫色棉纸，外层粉色牛油瓦楞纸，紫红色缎带花结','你若不离，我必不弃。爱情是历经风雨的双手紧握；是一路同行的相濡以沫。','50003.jpg',0,0,NULL,NULL,NULL,NULL,NULL),
(59,2,1,2,2,1,1,'缘份','199','11枝红玫瑰,2枝多头白香水百合,黄莺丰满','内层白色雪梨纸 外层深红色牛油平面纸 咖啡色缎带花结','红玫瑰+百合，热烈而馨香，遇到你纯属偶然，谁能说清比缘份更深的东西，我的转身你成了我的风景，有一种惊喜暗藏于心。\n','50004.jpg',0,0,NULL,NULL,NULL,NULL,NULL),
(60,2,1,2,2,1,1,'致美丽的你','149','红玫瑰11枝，满天星围绕，栀子叶0.5扎','外层浅灰紫/香芋紫人造纸，里层白色人造单面纸，白绿粗罗纹带','很爱你，想把你捧在手心，放在心里......11枝红玫瑰，寓意一心一意。纵然途中万般风景，我的眼里只有你！\n','50005.jpg',0,0,NULL,NULL,NULL,NULL,NULL),
(61,2,1,2,3,1,1,'依靠','166','戴安娜12枝，紫色桔梗5枝，粉色勿忘我3枝，栀子叶0.5扎','粉色opp雾面纸，蓝灰色绝色纸，白绿罗纹带','做你的男人二十四个小时不睡觉，让胆小的你在黑夜中也会有个依靠。\n','50006.jpg',0,0,NULL,NULL,NULL,NULL,NULL),
(62,2,1,2,2,2,1,'牵手','219','红玫瑰19枝，满天星围绕','白色opp雾面纸 浅紫香芋紫人造双面纸 白绿粗罗纹带','19枝红玫瑰寓意：永远爱你此情不渝。想念那条街,想念与你遇见的地方,想念和你的第一次牵手……永远无法忘记这些往昔的喜悦,它将永驻心间！\n','50007.jpg',0,0,NULL,NULL,NULL,NULL,NULL),
(63,2,8,2,1,2,1,'青青子衿','280','白色多头香水百合6枝，澳州腊梅做点缀','咖啡色条纹纸，牛皮纸，拉菲草','“青青子衿，悠悠我心。”\n你在我的心里\n是如此的超凡脱俗\n我喜欢你\n也为你祝福\n祝福你开在最美丽的地方\n','50008.jpg',0,0,NULL,NULL,NULL,NULL,NULL),
(64,2,4,2,6,4,1,'嫁给我吧','639','戴安娜粉玫瑰108枝','浅灰色素染纸6张，白蓝细条纹罗文带2米','108朵玫瑰，每一朵都在细诉无尽的爱，每一朵都是我在对你说：“嫁给我吧！”\n','50009.jpg',0,0,NULL,NULL,NULL,NULL,NULL),
(65,2,1,2,6,4,1,'永恒的爱情','659','红玫瑰99枝，各色洋桔梗，腊梅、叶上花适量至花束饱满','长春藤白色压纹纸，灰色不织布，酒红色缎带蝴蝶结','“世界上万物也许会消亡，永恒的爱情天长地久。”巴基斯坦的民歌《永恒的爱情》，唱出了爱的真谛，也唱出了世界人民共同的心声。\n','50010.jpg',0,0,NULL,NULL,NULL,NULL,NULL),
(66,2,2,2,3,2,1,'海洋之心','296','白玫瑰29枝','宝蓝色中条纹纸,白色平面纸，米色缎带蝴蝶结','无际的蓝色大海，轻轻地泛起白色的浪花，这是在诉说心事，带着远离喧嚣城市的亲切、温婉和单纯，就像是亲密恋人之间的耳语。\n','50011.jpg',0,0,NULL,NULL,NULL,NULL,NULL),
(67,2,7,2,2,2,1,'因为爱','245','粉色康乃馨12枝，紫色桔梗3枝，粉色香水百合2枝，适量紫色勿忘我搭配','内层白色雪梨纸，外层蓝色单面人造纸，白咖细罗文带','爱经过的时候，感觉像坠入了云端，幸福地快要窒息......\n好想拥你入怀，轻轻告诉你，我-爱-你！\n','50012.jpg',0,0,NULL,NULL,NULL,NULL,NULL),
(69,5,8,3,3,6,1,'开业大吉（双花篮）','1299','粉百合七枝，粉色剑兰一扎，红色非洲菊两扎，黄色太阳花一扎，栀子叶五扎，散尾叶一扎，天堂鸟三枝，米兰叶','花篮以实际为主','以红色为喜庆主调，寓意红红火火，兴旺发达。','60001.jpg',1,0,NULL,NULL,NULL,NULL,NULL),
(70,5,1,3,4,5,1,'开业花篮E款','888','40枝红玫瑰，深蓝绣球3个，红色多头玫1扎，红色千代兰1扎，粉色洋桔梗1扎，红掌5片，红色朱蕉叶1扎','大红色、宝蓝色缎带各4米，木质三角架','财源滚滚进，客似云般来','60002.jpg',1,0,NULL,NULL,NULL,NULL,NULL),
(71,5,NULL,3,2,5,1,'开业花篮D款','899','开业花篮:向日葵13枝，粉色绣球4枝，蓝色绣球2枝，跳舞兰8枝，搭配龟背叶、尤加利适量','木质三角架','前程如精致的锦绣一样，未来势必十分美好。','60003.jpg',1,0,NULL,NULL,NULL,NULL,NULL),
(72,5,NULL,3,4,2,1,'开业花篮C款','388','开业花篮:黄、橙、粉三色扶郎花共35枝，跳舞兰1扎（10枝），搭配散尾葵、栀子叶','木质三角架','前程如精致的锦绣一样，未来势必十分美好。','60004.jpg',1,0,NULL,NULL,NULL,NULL,NULL),
(73,5,5,3,5,5,1,'开业花篮B款','899','开业花篮:紫色紫罗兰9枝，粉色绣球2枝，蓝色绣球3枝，粉佳人玫瑰12枝，紫玫瑰15枝，紫色桔梗6枝，','木质三角架','前程如精致的锦绣一样，未来势必十分美好。','60005.jpg',1,0,NULL,NULL,NULL,NULL,NULL),
(74,5,8,3,2,3,1,'兴业长新','588','开业花篮: 天堂鸟5枝，红掌6枝，粉色桔梗1扎半，绿色桔梗半扎，粉色香水百合3枝，散尾葵1扎，龟背叶','木质三角架一个，红色缎带花结一个','前程如精致的锦绣一样，未来势必十分美好。','60006.jpg',1,0,NULL,NULL,NULL,NULL,NULL),
(75,5,8,3,1,3,1,'前程似锦','456','开业花篮: 粉色桔梗1扎半，绿色桔梗半扎，红掌6枝，粉色香水百合3枝，散尾葵1扎，龟背5片','双层花架一个，红色缎带花结一个，粉色棉纸包裹','前程如精致的锦绣一样，未来势必十分美好。','60007.jpg',1,0,NULL,NULL,NULL,NULL,NULL),
(76,5,8,3,3,2,1,'鸿运高照','389','开业花篮: 红色太阳花2扎，粉色香水百合3枝，粉色金鱼草5枝，戴安娜玫瑰11枝，石竹梅半扎，散尾葵半','两层花架一个，金箔纸包裹','开业花篮，适合开业庆典，乔迁，祝贺。','60008.jpg',1,0,NULL,NULL,NULL,NULL,NULL),
(77,5,8,3,5,2,1,'吉星高照','369','开业花篮: 红橙两色太阳花共40枝，粉色香水百合7枝，粉色金鱼草5枝，散尾葵半扎，填充适量绿叶','三层花架一个，粉色棉纸包裹','开业花篮，适合开业庆典，乔迁，祝贺。','60009.jpg',1,0,NULL,NULL,NULL,NULL,NULL),
(78,5,8,3,4,2,1,'骏业崇隆','279','开业花篮: 三色太阳花30枝，粉色香水百合8朵，散尾葵半扎，填充适量黄莺','双层花架一个，粉色棉纸包裹','开业花篮，适合开业庆典，乔迁，祝贺。','60010.jpg',1,0,NULL,NULL,NULL,NULL,NULL),
(79,5,8,3,4,2,1,'骏业肇兴','268','开业花篮: 三色太阳花36枝，粉色香水百合6朵，散尾葵半扎，填充黄莺适量','三层花架一个，粉色棉纸包裹','开业花篮，适合开业庆典，乔迁，祝贺。','60011.jpg',1,0,NULL,NULL,NULL,NULL,NULL),
(80,5,4,3,5,2,1,'开张大吉','398','开业花篮: 粉玫瑰18枝，三色太阳花（红、橙、黄）共45枝，百合4朵，散尾葵半扎，填充适量多头粉色康','三层花蓝','开业花篮，适合开业庆典，乔迁，祝贺。','60012.jpg',1,0,NULL,NULL,NULL,NULL,NULL),
(81,5,NULL,3,1,3,1,'会议桌花H款','498','蓝紫色绣球1枝、粉色绣球2枝、白色洋兰1扎、粉色紫色桔梗各半扎、搭配龟背、高山羊齿、尤加利叶、银叶菊','圆形花插一只，花泥，尺寸约45cm*90cm','花卉点缀生活，美化庆典，烘托会议，增添亮丽。以上桌花可广泛使用在会议桌、迎宾台面和宴桌上。','60013.jpg',1,0,NULL,NULL,NULL,NULL,NULL),
(82,5,8,3,3,2,1,'会议桌花G款','369','多头粉色香水百合3枝、红色太阳花15枝、绿色桔梗8枝、红豆1扎、搭配龟背叶、尤加利叶','圆形花插一只，花泥；尺寸约：45cm*90cm','花卉点缀生活，美化庆典，烘托会议，增添亮丽。以上桌花可广泛使用在会议桌、迎宾台面和宴桌上。','60014.jpg',1,0,NULL,NULL,NULL,NULL,NULL),
(83,5,2,3,5,3,1,'会议桌花F款','469','多头粉色香水百合4枝，白玫瑰12枝，绿色康乃馨16枝，白色洋兰10枝，紫色小雏菊7枝，搭配龟背叶、高','圆形花插一只，花泥，尺寸约45cm*90cm','花卉点缀生活，美化庆典，烘托会议，增添亮丽。以上桌花可广泛使用在会议桌、迎宾台面和宴桌上。','60015.jpg',1,0,NULL,NULL,NULL,NULL,NULL),
(84,5,2,3,2,2,1,'春日','238','绿掌2枝，蕾丝3枝、桔叶2枝，水竹叶0.5扎、白玫瑰5枝、银叶菊4枝、栀子叶0.3扎。','大号玻璃方缸','春日如歌，温柔缱绻。适用于公司前台、办公桌、会议桌及公司装饰摆设等用途。','60016.jpg',1,0,NULL,NULL,NULL,NULL,NULL),
(85,5,7,3,1,2,1,'芳菲','238','天堂鸟3枝、水竹叶0.3扎、百合1枝、粉色多头康乃馨3枝、小绿菊3枝、栀子叶0.5扎','大号玻璃方缸','人间四月,芳菲华年。 适用于公司前台、办公桌、会议桌及公司装饰摆设等用途。','60017.jpg',1,0,NULL,NULL,NULL,NULL,NULL),
(86,5,NULL,3,2,2,1,'向阳','269','向日葵5枝、绿小菊3枝、紫桔梗3枝，栀子叶0.5扎，水竹叶0.5扎','大号玻璃方缸','希望你是那纯洁的向阳花，在这美丽的、艰辛的生命中，坚强地、灿烂地绽放！适用于公司前台、办公桌、会议桌及公司装饰摆设等用途。','60018.jpg',1,0,NULL,NULL,NULL,NULL,NULL),
(87,5,2,3,2,2,1,'简单与初夏','238','白雪山玫瑰9枝、蓝绣球1枝、紫桔梗4枝、银叶菊5枝、栀子叶0.5扎','中号玻璃方缸','迎着风迎着花香,看见初夏看见你。','60019.jpg',1,0,NULL,NULL,NULL,NULL,NULL),
(88,5,NULL,3,4,2,1,'暖春','235','粉色非洲菊16枝、银叶菊10枝、尤加利叶3枝、粉色小雏菊8枝','中号玻璃方缸','当第一朵花盛开枝头，当第一场雨唤醒万物朦胧，迎着那暖暖春风，吹散了忧愁，吹来了久违的温柔。适用于公司前台、办公桌、会议桌及公司装饰摆设等用途。','60020.jpg',1,0,NULL,NULL,NULL,NULL,NULL),
(90,6,1,2,2,1,1,'一心一意','139','红玫瑰11枝，粉色(或者紫色）勿忘我0.3扎，栀子叶适量搭配','内层白色雾面纸，外层牛皮纸,咖啡色花结','11枝玫瑰，寓意一心一意！\r\n有情之人，天天是节。一句寒暖，一线相喧；一句叮咛，一笺相传；一份相思，一心相盼；一份爱意，一生相恋。\r\n','30001.jpg',NULL,0,NULL,NULL,NULL,NULL,NULL),
(91,6,1,2,2,2,1,'一往情深','245','高档礼盒装鲜花:19枝红玫瑰，勿忘我适量','牛皮纸和深咖啡色条纹纸，银色缎带花结，魔力铁山灰包装盒','你的轻柔像阵微风，让我从容不迫，想让你知道，我对你始终一往情深。\r\n','30002.jpg',NULL,0,NULL,NULL,NULL,NULL,NULL),
(92,6,2,2,4,2,1,'甜美公主','378','各色玫瑰共36枝：白玫瑰22枝，粉佳人粉玫瑰14枝；粉色桔梗5枝，尤加利0.5扎','绿色/浅绿色双面人造纸，白咖罗纹带花结','再多一点点距离，我就能靠近你。清晰甜美的空气里，爱你到不能呼吸。\r\n','30003.jpg',NULL,0,NULL,NULL,NULL,NULL,NULL),
(93,6,4,2,4,2,1,'爱的小确幸','308','戴安娜粉玫瑰21枝，粉色桔梗5枝，石竹梅7枝','57#魔力铁山灰包装盒','一个人有一种幸福，爱是最简单的音符，啦啦啦~微小确定的幸福！\r\n','30004.jpg',NULL,0,NULL,NULL,NULL,NULL,NULL),
(94,6,1,2,6,3,1,'不变的承诺','569','99枝红玫瑰','黑色雪梨纸，黑色条纹纸，玻璃纸卷，酒红色缎带花结','下雨的时候，给她撑一把雨伞；寒冷的时候，给她一个温暖的臂弯；天黑了，永远有一盏灯为她点亮；晨起时，给她一缕温暖的阳光。爱她，就送她一束99枝的玫瑰花！\r\n','30005.jpg',NULL,0,NULL,NULL,NULL,NULL,NULL),
(95,6,1,2,6,3,1,'LOVE 99','569','99枝精品红玫瑰花束，满天星围绕。','里层：网纱多层围绕，外层：红色纸包装，红色缎带花结','99朵靓丽的红玫瑰，献给你的至爱！','30006.jpg',NULL,0,NULL,NULL,NULL,NULL,NULL),
(96,6,7,4,2,1,1,'母爱','178','紫红色康乃馨9枝，粉色多头康乃馨10枝','白色雪梨纸，香芋紫人造纸，粉色opp雾面纸，白蓝罗纹带花结\r\n','没你疼爱我怎么生活，没你抚养我怎能长大，你给了我青春的年华，自己却满头白发，不负青春年华，是对你最好的报答！\r\n','30010.jpg',NULL,0,NULL,NULL,NULL,NULL,NULL),
(97,6,7,4,2,1,1,'幸福绽放','166','粉色康乃馨19枝，搭配适量石竹梅、紫色勿忘我、栀子叶','内层紫红色不织布，外层粉色白牛皮纸，玫红色缎带花结','携带一束鲜花来到您的身旁，花儿浓缩了我对您的祝福，您在我的心里永远美丽、漂亮！','30011.jpg',NULL,0,NULL,NULL,NULL,NULL,NULL),
(98,6,7,4,4,3,1,'妈妈我爱你','439','粉色康乃馨13枝、粉绣球1枝、香槟玫瑰9枝、洋牡丹8枝（5月开始洋牡丹已过季，用戴安娜粉玫瑰代替）、','手提花篮一个','清新淡雅满满少女心，愿永不凋零的浪漫，守护她永远曼妙的少女心。','30012.jpg',NULL,0,NULL,NULL,NULL,NULL,NULL),
(99,6,7,4,6,2,1,'幸福万年长','379','红色康乃馨66枝，搭配白边紫色多头康乃馨15枝，栀子叶2扎\r\n','蓝灰色绝色纸2张，墨绿色条纹纸2张，玻璃纸1.5米，白绿粗条纹罗文带1.5米','家是什么?有人说家是倦鸟归来的巢，家是小船避风的港......有爱有家，幸福万年长。','30013.jpg',NULL,0,NULL,NULL,NULL,NULL,NULL),
(100,6,7,4,3,3,1,'魅力绽放','520','粉色康乃馨9枝、粉色多头康乃馨5枝、大花蕙兰1枝、粉色绣球2枝、澳洲腊梅3枝、浅紫色洋桔梗3枝，绿色','浅紫香芋人造纸4张，白蓝细条纹罗文带1米','花开静谧，魅力绽放！','30014.jpg',NULL,0,NULL,NULL,NULL,NULL,NULL),
(101,6,7,4,4,3,1,'熊抱花束','519','红色康乃馨19枝、粉色绣球1枝、白百合5枝、红玫瑰11枝、粉色洋桔梗4枝、红色朱蕉叶5枝、绿色朱蕉叶','黑色雪梨纸3张、绿色条纹纸12张、棕色丝带4米','她曾总是对你唠叨，和她离别后，才发现那些废话是世界上最暖的牵挂！','30015.jpg',NULL,0,NULL,NULL,NULL,NULL,NULL),
(102,6,6,3,2,1,1,'恋恋情深','199','11枝香槟玫瑰，白百合2枝，栀子叶0.5扎','深浅绿双面人造纸2张，米白色缎带1.5米','喜欢像是一阵风，而爱你是细水长流','30020.jpg',NULL,0,NULL,NULL,NULL,NULL,NULL),
(103,6,6,3,3,2,1,'我只钟情你','239','香槟玫瑰11枝、白色小雏菊3枝、浅紫色勿忘我4枝、栀子叶2枝','米白色平面纸1张、蓝色条纹纸1张、米白色缎带1米、60#大号魔力铁山灰包装盒','香槟玫瑰清新、脱俗，品位独特！让我们乘着芬芳的清风，手牵着手走过四季春秋。','30021.jpg',NULL,0,NULL,NULL,NULL,NULL,NULL),
(104,6,2,3,5,2,1,'三彩的季节','399','玫瑰50枝（香槟玫瑰15枝，苏醒玫瑰18枝，白玫瑰17枝），搭配银叶菊6枝、相思梅6枝','墨绿色素染纸4张，英文玻璃纸2张，米白色/银灰色缎带各2米','在这多彩的季节里，编首歌唱给自己，拥抱那朝阳让希望飘扬。','30022.jpg',NULL,0,NULL,NULL,NULL,NULL,NULL),
(105,6,3,3,4,2,1,'阳光灿烂','308','向日葵3枝、金枝玉叶黄玫瑰19枝、白色石竹梅5枝、绿色小雏菊2枝、栀子叶5枝','英文牛皮报纸2张、白蓝细条纹罗文带1米','阳光灿烂的日子，愿你天天有：如花般的灿烂笑容，如花般的缤纷心情！','30023.jpg',NULL,0,NULL,NULL,NULL,NULL,NULL),
(106,6,6,3,6,4,1,'恋恋不忘','639','香槟玫瑰99枝，叶上花围绕','内层咖啡色厚棉纸，外层英文报纸，咖啡色缎带花结','有一种幸福，叫美梦成真；有一种幸福，叫终成眷属；有一种幸福，叫恋恋不忘！','30024.jpg',NULL,0,NULL,NULL,NULL,NULL,NULL),
(107,6,4,3,6,3,1,'好幸运','530','粉佳人玫瑰13枝，苏醒玫瑰16枝，粉色扶朗5枝，灯台9枝，尤加利叶10枝','浅紫香芋人造纸4张，粉色opp雾面纸2张，白粉双色缎带','原来你是我最想留住的幸运，与你相遇好幸运！','30025.jpg',NULL,0,NULL,NULL,NULL,NULL,NULL),
(108,7,7,1,2,2,1,'圆满','206','红色/粉色/紫边康乃馨共6枝，红玫瑰7枝，粉香水百合2枝(5朵)，粉桔梗+叶上黄金+绿叶','有柄花篮一个','载着寓意希望的鲜花驶向快乐幸福的彼岸…… ','20001.jpg',NULL,0,NULL,NULL,NULL,NULL,NULL),
(109,7,1,4,3,1,1,'爱的思念','196','红玫瑰12枝，红色康乃馨12枝，填充红豆、绿叶适量（如当地红豆缺货，用相思梅等其他寓意相近配材替代。','有柄花篮一个，墨绿色缎带花结一个（花篮款式以各城市实际出货为准）','爱的思念绵延不绝，终于和天在地平线上交汇......有一种很玄的东西叫思念，思念是是甜蜜，夹杂着淡淡苦涩，被人思念，也是一种被爱的幸福。','20002.jpg',NULL,0,NULL,NULL,NULL,NULL,NULL),
(110,7,7,2,3,2,1,'真诚祝愿','288','粉色香水百合3枝，红色康乃馨11枝，天堂鸟2枝，跳舞兰5枝，填充适量红色多头康和香槟色桔梗，散尾葵（','有柄花篮一个（花篮款式以各城市实际出货为准）','所有美丽都源于真挚与坦诚，虽然幸福会转瞬即逝，快乐却能持久，一份诚挚的祝福，一份真诚的问候，愿你快乐每一天！','20003.jpg',NULL,0,NULL,NULL,NULL,NULL,NULL),
(111,7,7,3,2,1,1,'好想你','136','红色康乃馨12枝，白色相思梅2枝，栀子叶0.5扎','内层浅紫/香芋紫人造双面纸，外层蓝色绿色双色人造纸，白绿色粗罗纹带','虽然不能常见面，但思念的种子已经深埋在我心里，让我无时无刻不想你！','20004.jpg',NULL,0,NULL,NULL,NULL,NULL,NULL),
(112,7,6,1,2,1,1,'清风雅韵','169','香槟玫瑰12枝，迷你菊6枝，栀子叶半扎（如当地迷你菊缺货，用勿忘我或者石竹梅代替）','内层雾面纸，外层浅绿/深绿人造双面纸，白咖色罗纹带','迷你菊带来小确幸，玫瑰花邀来爱情！清似溪流涓涓水，风如三月杨柳絮。雅吟风骚诗千古，韵含真情吐芬芳。','20005.jpg',NULL,0,NULL,NULL,NULL,NULL,NULL),
(113,7,7,2,2,2,1,'夏日花园','298','向日葵5枝，红色康乃馨11枝，蓝色绣球1枝，水竹叶半扎，填充适量石竹梅红豆绿叶（如当地红豆缺货，用相','有柄花篮一个','你的微笑就是我的向日葵，像夏日碧空一尘不染，有你陪伴的日子是最幸福的时光，那一刻你就是我心中最爱！','20006.jpg',NULL,0,NULL,NULL,NULL,NULL,NULL),
(114,7,4,2,1,2,1,'水果花篮-温馨祝福','266','粉香水百合1枝,粉玫瑰8枝, 粉康+紫康+紫边康乃馨间插,巴西叶和其他绿叶适量; 进口橙子3个,红富','藤编有柄花篮，粉色花结一个（花篮样式依城市不同有所差异，以当地出货为准）','满满的水果，盛开的花朵,带来温馨的祝福。','20007.jpg',NULL,0,NULL,NULL,NULL,NULL,NULL),
(115,7,4,3,2,2,1,'水果花篮-欣情','348','粉香水百合1枝,红掌1枝,粉玫瑰4枝,粉扶郎4枝, 粉色康乃馨+红色康乃馨间插,巴西叶+绿叶适量; ','藤编有柄花篮（花篮样式依城市不同有所差异，以当地出货为准），粉色网纱+玻璃纸垫底，粉色花结一个','满满的水果，盛开的花朵,带来温馨的祝福。','20008.jpg',NULL,0,NULL,NULL,NULL,NULL,NULL),
(116,7,8,1,2,2,1,'阳光心情','339','10枝多头黄百合,黄莺适量搭配','蓝色平面纸圆形包装，拉菲草束扎','想着 我们曾一起跨过海边，想着 我们曾一起晒太阳。','20009.jpg',NULL,0,NULL,NULL,NULL,NULL,NULL),
(117,7,7,3,2,2,1,'因为爱','245','粉色康乃馨12枝，紫色桔梗3枝，粉色香水百合2枝，适量紫色勿忘我搭配','内层白色雪梨纸，外层蓝色单面人造纸，白咖细罗文带','爱经过的时候，感觉像坠入了云端，幸福地快要窒息。','20010.jpg',NULL,0,NULL,NULL,NULL,NULL,NULL),
(118,7,7,4,2,2,1,'水果花篮-欣喜','289','粉香水百合1枝,向日葵2枝,粉玫瑰2枝,红色扶郎9枝, 粉色康乃馨+红色康乃馨间插,中间剑叶,绿叶适','藤编有柄花篮（花篮样式依城市不同有所差异，以当地出货为准）,粉色花结一个','满满的水果，盛开的花朵,带来温馨的祝福。','20011.jpg',NULL,0,NULL,NULL,NULL,NULL,NULL),
(119,7,8,2,2,2,1,'欣欣向荣','279','红掌2枝,多头粉香水百合2枝(5朵)，红太阳花3枝,红康乃馨5枝,粉康乃馨5枝,紫罗兰3枝，巴西叶+','有柄花篮一个','载着寓意希望的鲜花驶向快乐幸福的彼岸。','20012.jpg',NULL,0,NULL,NULL,NULL,NULL,NULL),
(120,7,6,3,3,2,1,'清新的爱','299','向日葵3枝、绿桔梗5枝、香槟玫瑰9枝。橙子3个、菠萝1个、葡萄1串。','黑色果篮1个（花篮样式依城市不同稍有差异，以当地出货为准）','享受生活带来的温暖与诗意，享受每一个充满爱的时刻','20013.jpg',NULL,0,NULL,NULL,NULL,NULL,NULL),
(121,7,1,4,2,2,1,'苏醒的温柔','339','苏醒玫瑰12枝、白百合3枝、银叶菊0.5扎、粉色多头康乃馨5枝。火龙果2个、香蕉1串、苹果3个。','黑色果篮1个（花篮样式依城市不同稍有差异，以当地出货为准）','阳光下的晴朗世界，那温柔的春风已苏醒！','20014.jpg',NULL,0,NULL,NULL,NULL,NULL,NULL),
(122,7,1,1,2,2,1,'永不褪色的爱','379','红玫瑰11枝、多头红玫瑰1扎、尤加利叶0.5扎、红掌2枝、小天使5片。长城解百纳1支。','黑色果篮1个（花篮样式依城市不同稍有差异，以当地出货为准）','时光易逝，容颜易改，而我对你的爱一如初见，历久弥新，永不褪色！挚爱一生，唇齿相依。','20015.jpg',NULL,0,NULL,NULL,NULL,NULL,NULL),
(123,1,NULL,NULL,4,2,2,'忘情巴黎----33枝红玫瑰','355','33枝红玫瑰，石竹梅围绕','黑色条纹纸，红色缎带花结','只想和你忘掉一切烦恼，尽情沉醉在最浪漫的气氛中。','90001.jpg',0,0,NULL,NULL,NULL,NULL,NULL),
(124,1,NULL,NULL,2,2,2,'一往情深----精品玫瑰礼盒:19枝红玫','292','高档礼盒装鲜花:19枝红玫瑰，勿忘我适量','牛皮纸和深咖啡色条纹纸，银色缎带花结，魔力铁山灰包装盒','你的轻柔像阵微风，让我从容不迫，想让你知道，我对你始终一往情深。','90002.jpg',0,0,NULL,NULL,NULL,NULL,NULL),
(125,1,NULL,NULL,6,4,2,'不变的承诺----99枝红玫瑰','677','99枝红玫瑰','黑色雪梨纸，黑色条纹纸，玻璃纸卷，酒红色缎带花结','下雨的时候，给她撑一把雨伞；寒冷的时候，给她一个温暖的臂弯；天黑了，永远有一盏灯为她点亮；晨起时，给她一缕温暖的阳光。爱她，就送她一束99枝的玫瑰花！','90003.jpg',0,0,NULL,NULL,NULL,NULL,NULL),
(126,1,NULL,NULL,6,4,2,'用心爱你----张杰深圳演唱会求婚花束，','713','99枝精品玫瑰花束：33枝粉色玫瑰组成的心形居中，66枝红玫瑰环绕，周围满天星点缀','里层粉色纸，外层粉色珠光纱，粉色丝带花结','合计99朵玫瑰，寓意想和你相守，直到天荒地老......\r\n33枝粉色玫瑰组成的心形居中，你是我三生三世的爱恋； \r\n66枝红玫瑰环绕，周围满天星点缀，我的爱永远不变！','90004.jpg',0,0,NULL,NULL,NULL,NULL,NULL),
(127,1,NULL,NULL,6,4,2,'LOVE 99----99枝精品红玫瑰花','677','99枝精品红玫瑰花束，满天星围绕。','里层：网纱多层围绕，外层：红色纸包装，红色缎带花结','99朵靓丽的红玫瑰，献给你的至爱！','90005.jpg',0,0,NULL,NULL,NULL,NULL,NULL),
(128,1,NULL,NULL,5,3,2,'爱在心头----玫瑰50枝：戴安娜粉玫瑰','439','玫瑰共50枝：戴安娜粉玫瑰19枝，红玫瑰31枝','内层白色纱网，外层粉色白牛皮纸，红粉双色缎带花结','“此情无计可消除，才下眉头，却上心头。”李清照《一剪梅》','90006.jpg',0,0,NULL,NULL,NULL,NULL,NULL),
(129,1,NULL,NULL,1,1,2,'真爱----红玫瑰9枝，石竹梅4枝，栀子','154','红玫瑰9枝，石竹梅4枝，栀子叶0.5扎','内层雪梨纸1张，外层粉色opp雾面纸1.5米，白绿宽罗纹带','我用回忆温暖了想你的每一刻　\r\n不让你离我太遥远\r\n走在这个适合拥抱的季节　\r\n爱在心裡所以我不可怜\r\n紧紧抱着你说过的誓言 \r\n等待着我们说好的永远','90007.jpg',0,0,NULL,NULL,NULL,NULL,NULL),
(130,1,NULL,NULL,2,2,2,'缘份----11枝红玫瑰,2枝多头白香水','237','11枝红玫瑰,2枝多头白香水百合,黄莺丰满','内层白色雪梨纸 外层深红色牛油平面纸 咖啡色缎带花结','红玫瑰+百合，热烈而馨香，遇到你纯属偶然，谁能说清比缘份更深的东西，我的转身你成了我的风景，有一种惊喜暗藏于心。','90008.jpg',0,0,NULL,NULL,NULL,NULL,NULL),
(131,1,NULL,NULL,2,2,2,'缪斯女神----红玫瑰16枝，红豆5枝，','225','红玫瑰16枝，红豆5枝，粉色桔梗1枝，银叶菊2枝（如当地红豆缺货，用相思梅等其他寓意相近配材替代。）','白色opp雾面纸，黑色opp雾面纸，白咖细罗纹缎带','世间女子有各种类型：有些温婉如诗，有些独立若兰，有些奔放不羁……你是独一无二的落入凡间的美艳缪斯。','90009.jpg',0,0,NULL,NULL,NULL,NULL,NULL),
(134,1,NULL,NULL,2,1,2,'致美丽的你----红玫瑰11枝，满天星围','177','红玫瑰11枝，满天星围绕，栀子叶0.5扎','外层浅灰紫/香芋紫人造纸，里层白色人造单面纸，白绿粗罗纹带','很爱你，想把你捧在手心，放在心里......11枝红玫瑰，寓意一心一意。纵然途中万般风景，我的眼里只有你！','90010.jpg',0,0,NULL,NULL,NULL,NULL,NULL),
(135,1,NULL,NULL,2,2,2,'爱的诺言----红玫瑰19枝，白色腊梅2','249','红玫瑰19枝，白色腊梅2枝（如腊梅无货，则用白色石竹梅或满天星代替）','内层白底黑边丽染纸，外层深灰色雾面纸，白咖罗纹带','一生为你心动回旋，真爱永不止息！','90011.jpg',NULL,0,NULL,NULL,NULL,NULL,NULL),
(136,1,NULL,NULL,4,2,2,'三生三世----33枝红玫瑰','356','33枝红玫瑰','黑色雪梨纸，黑色条纹纸，玻璃纸卷，酒红色缎带花结','遇见你的眉眼，如清风明月；顾盼流连，如时光搁浅，是重逢，亦如初见；你的喜悲忧乐我全都预见，三千繁花只为你一人留恋。','90012.jpg',NULL,0,NULL,NULL,NULL,NULL,NULL),
(137,1,NULL,NULL,3,4,2,'邂逅浪漫----红玫瑰29枝+红色蔷薇1','641','红玫瑰29枝，红色蔷薇10枝，灯台9枝，尤加利叶10枝','黑色opp雾面纸4张，灰色opp雾面纸3张，咖啡色缎带3米','爱是一生浪漫的邂逅，缘份花开在爱的枝头，你的一次回眸就是我的所有，今生注定为你停留。','90013.jpg',NULL,0,NULL,NULL,NULL,NULL,NULL),
(138,1,NULL,NULL,3,3,2,'秘密花园----精品玫瑰礼盒:红玫瑰33','438','高档礼盒装鲜花:33枝红玫瑰，少量绿叶','牛皮纸和深咖啡色条纹纸，银色缎带花结，魔力铁山灰包装盒','把你放在我的心里最好的位置，如同一位花园里的公主，每天幸福微笑。','90014.jpg',NULL,0,NULL,NULL,NULL,NULL,NULL),
(139,1,NULL,NULL,6,4,2,'嫁给我吧/红玫瑰----红玫瑰108枝','760','红玫瑰108枝','黑色条纹纸、爱是静默玻璃纸','有了你，所有的心酸和痛苦都不过如此。你是治愈我的良药，我想和你共度一生，你愿意嫁给我吗？','90015.jpg',NULL,0,NULL,NULL,NULL,NULL,NULL),
(140,1,NULL,NULL,2,2,2,'燃梦----精品玫瑰礼盒,红玫瑰11枝，','245','高档礼盒装鲜花:红玫瑰11枝，深紫色勿忘我0.3扎','素染纸-浅灰2张，雪梨纸0.5张，银灰色logo缎带1米，魔力铁山灰盒(小)','你把我的世界点亮，所有烦恼烟消云散，你把我的心已偷走，爱情的烟火，每夜在我梦里点燃，每分每秒，思念蔓延。','90016.jpg',NULL,0,NULL,NULL,NULL,NULL,NULL),
(141,1,NULL,NULL,2,2,2,'法式浪漫----红玫瑰19枝，红色扶郎1','364','红玫瑰19枝，红色扶郎11枝，红豆0.5扎，白色雏菊6枝，栀子叶0.5扎','银灰色方形花筒','两个人的温馨，两个人的浪漫\r\n幸福的海洋我们一起扬帆~','90017.jpg',NULL,0,NULL,NULL,NULL,NULL,NULL),
(142,1,NULL,NULL,5,3,2,'热恋----红玫瑰50枝','463','红玫瑰50枝，满天星围绕一周','内层牛皮纸，外层咖啡色条纹纸，红色缎带花结','最醇的酒，最美的诗，最动听的歌，最好看的风景……比不过你我纵情相爱的此刻。','90018.jpg',NULL,0,NULL,NULL,NULL,NULL,NULL),
(143,1,NULL,NULL,4,3,2,'爱在巴黎----精品玫瑰礼盒:红玫瑰39','462','红玫瑰39枝，搭配白色腊梅、尤加利、银叶菊少量','57#魔力铁山灰包装盒','海岸线蔓延的巴黎，和遇见你那个雨季，你的笑容，像阳光开满温暖心底。','90019.jpg',NULL,0,NULL,NULL,NULL,NULL,NULL),
(144,1,NULL,NULL,2,2,2,'浪漫心情----红玫瑰19枝','259','红玫瑰19枝，白色相思梅0.5扎，栀子叶1扎','深灰色opp雾面纸2张，酒红色宽缎带1.5米','铺满玫瑰的夜里，有温暖的告白在等待，来我的怀里，拥抱我的爱，把你的热情摊开，我会一直都在！','90020.jpg',NULL,0,NULL,NULL,NULL,NULL,NULL),
(145,1,NULL,NULL,5,3,2,'心上人----红玫瑰66枝，满天星围绕','570','红玫瑰66枝，满天星围绕','牛皮纸，咖啡色英文报纸，玻璃纸，拉菲草','那是谁的目光，凝望着云端你的方向，你问我世上哪朵花最美？我的心上人，所有的花朵都比不上你的发香；你问我世上哪杯酒最甜，哪颗星最亮？所有的风景都沉醉在你的身旁，你的模样深深刻在我心上。','90021.jpg',NULL,0,NULL,NULL,NULL,NULL,NULL),
(146,1,NULL,NULL,6,4,2,'永恒的爱情----红玫瑰99枝','784','红玫瑰99枝，各色洋桔梗，腊梅、叶上花适量至花束饱满','长春藤白色压纹纸，灰色不织布，酒红色缎带蝴蝶结','“世界上万物也许会消亡，永恒的爱情天长地久。”巴基斯坦的民歌《永恒的爱情》，唱出了爱的真谛，也唱出了世界人民共同的心声。','90022.jpg',NULL,0,NULL,NULL,NULL,NULL,NULL),
(147,1,NULL,NULL,1,1,2,'爱情花火----红玫瑰9枝，搭配栀子叶满','165','红玫瑰9枝，搭配栀子叶、满天星适量','内层白色雾面纸，外层黑色雾面纸','当爱情的火花点燃了两颗年轻的心，整个世界似乎都是为他们而存在，为他们永恒。','90023.jpg',NULL,0,NULL,NULL,NULL,NULL,NULL),
(148,1,NULL,NULL,4,4,2,'「熊抱花束」聆听你----红色康乃馨19','618','红色康乃馨19枝、粉色绣球1枝、白百合5枝、红玫瑰11枝、粉色洋桔梗4枝、红色朱蕉叶5枝、绿色朱蕉叶','黑色雪梨纸3张、绿色条纹纸12张、棕色丝带4米','她曾总是对你唠叨，和她离别后，才发现那些废话是世界上最暖的牵挂！','90024.jpg',NULL,0,NULL,NULL,NULL,NULL,NULL),
(149,1,NULL,NULL,2,2,2,'浪漫告白----卡罗拉红玫瑰11枝、白色','292','卡罗拉红玫瑰11枝、白色小雏菊4枝、银叶菊0.5扎','米白色平面纸1张、黑色条纹纸1张、酒红色丝带1米、60#大号魔力铁山灰包装盒','空气中弥漫着爱的味道，送你11枝红玫瑰，只因“我爱你”！','90025.jpg',NULL,0,NULL,NULL,NULL,NULL,NULL),
(150,1,NULL,NULL,4,2,2,'邻家女孩----红玫瑰33枝、红色小雏菊','364','红玫瑰33枝、红色小雏菊7枝、栀子叶1扎','素黑色OPP雾面纸3张、白蓝细条纹罗文带1.5米','突然一个清秀的女孩映入眼帘，我喜欢这一种特别的幸福感觉！','90026.jpg',NULL,0,NULL,NULL,NULL,NULL,NULL),
(151,NULL,2,NULL,2,2,1,'真爱如初','206','高档礼盒装鲜花:雪山玫瑰11枝、深紫色勿忘我0.3扎','素染纸-浅灰2张，雪梨纸0.5张，银灰色logo缎带1米，魔力铁山灰盒(小)','用一袭白裙装扮你那无瑕的身姿，向一抹白云倾诉对你的思念，用一捧鲜花证明我不变的心。','90201.jpg',0,0,NULL,NULL,NULL,NULL,NULL),
(152,NULL,2,NULL,4,2,1,'金牛座守护花','299','白玫瑰11枝、浅蓝绣球1枝、浅紫色洋桔梗5枝、银叶菊10枝、栀子叶5枝','白色雪梨纸1张、英文牛皮报纸2张、麻绳1.5米','宁愿相信是前世有约，今生才一眼望见了你。属于金牛的鲜花玫瑰，献给稳定平和的你。','90202.jpg',0,0,NULL,NULL,NULL,NULL,NULL),
(153,NULL,2,NULL,3,2,1,'月光女神','238','白玫瑰11枝+绿色桔梗5枝，小菊3枝，白色石竹梅4枝，尤加利0.5扎','灰色雾面纸，白绿细罗纹带','那些芳香迷人的花儿啊，在无边的海水和长长的海岸之间，她将成为我的爱人。','90203.jpg',0,0,NULL,NULL,NULL,NULL,NULL),
(154,NULL,2,NULL,6,4,1,'初心永不变','629','白玫瑰99枝，栀子叶适量','内层白色雪梨纸，外层牛皮纸，拉菲草缎带花结','最开始的地方，最动心的凝望，谢谢你陪我，在不忘初心的路上！','90204.jpg',0,0,NULL,NULL,NULL,NULL,NULL),
(155,NULL,2,NULL,2,2,1,'爱是唯一','296','雪山白玫瑰11枝、白百合3枝、银叶菊0.5扎、栀子叶2枝','蓝灰色绝色纸1张，灰色雾面纸1张，白蓝细纹罗文带1米、60#大号魔力铁山灰包装盒','我把你当作我的空气，捧你在我手心，在爱的纯净世界，你就是我唯一，我唯一爱的就是你！','90205.jpg',0,0,NULL,NULL,NULL,NULL,NULL),
(156,NULL,2,NULL,5,2,1,'白雪公主','399','白玫瑰50枝，搭配适量勿忘我、绿叶','内层米白色纱，外层银灰色树叶草纸，米黄色缎带花结','你是我童话里的白雪公主，我就是你今生今世的爱情奴仆，是你的善良将我的爱情逮捕，是你的美丽让我成为你的俘虏！','90206.jpg',0,0,NULL,NULL,NULL,NULL,NULL),
(157,NULL,2,NULL,3,1,1,'永远的幸福','196','白玫瑰9枝，深蓝绣球1枝，黄金球5枝，叶上花7枝(黄金球为季节性花材，缺货时花艺师会用等价的粉色、绿','内层白色雪梨纸， 外层蓝色绝色纸 玻璃纸 白绿宽罗纹带','真心付出，信仰着爱的呵护，你永远的幸福，是送我最好的礼物！','90207.jpg',0,0,NULL,NULL,NULL,NULL,NULL),
(158,NULL,2,NULL,5,2,1,'多彩的季节','399','玫瑰50枝（香槟玫瑰15枝，苏醒玫瑰18枝，白玫瑰17枝），搭配银叶菊6枝、相思梅6枝','墨绿色素染纸4张，英文玻璃纸2张，米白色/银灰色缎带各2米','在这多彩的季节里，编首歌唱给自己，拥抱那朝阳让希望飘扬。','90208.jpg',0,0,NULL,NULL,NULL,NULL,NULL),
(159,NULL,2,NULL,3,2,1,'海洋之心','296','白玫瑰29枝','宝蓝色中条纹纸,白色平面纸，米色缎带蝴蝶结','无际的蓝色大海，轻轻地泛起白色的浪花，这是在诉说心事，带着远离喧嚣城市的亲切、温婉和单纯，就像是亲密恋人之间的耳语。','90209.jpg',0,0,NULL,NULL,NULL,NULL,NULL),
(160,NULL,2,NULL,2,1,1,'倾城月色','156','雪山白玫瑰11枝，搭配适量紫色勿忘我栀子叶','内层白色雾面纸，外层蓝色人造纸,白色丝带','一抹倾城月色，印在你脸庞儿，惊艳一段时光。','90210.jpg',0,0,NULL,NULL,NULL,NULL,NULL),
(161,NULL,2,NULL,5,3,1,'爱你如初','496','雪山玫瑰66枝','牛皮英文报纸4张，白蓝细条纹罗文带2米','岁月匆匆如白驹过隙，即使时光往复，我依然爱你如初','90211.jpg',0,0,NULL,NULL,NULL,NULL,NULL),
(162,NULL,2,NULL,2,2,1,'如初','208','雪山白玫瑰19枝，紫色勿忘我围绕','内层双色人造纸（浅紫色、香芋紫），外层深灰色opp纸,米白色缎带花结','还记得第一次我们约会吗？那晚的星光格外美，我的心也快要沸腾。','90212.jpg',0,0,NULL,NULL,NULL,NULL,NULL),
(163,NULL,2,NULL,2,2,1,'重新遇见','308','白百合2枝、雪山白玫瑰7枝、紫色洋桔梗3枝、栀子叶0.3扎、叶上白2枝、粉色绣球1枝','深灰色OPP雾面纸1张、粉色OPP雾面纸1张、白蓝细条纹罗文带1.5米','如果时光还来得及，我想重新再遇见你。我想我会再次坠入你的眼眸里。','90213.jpg',0,0,NULL,NULL,NULL,NULL,NULL),
(164,NULL,2,NULL,2,2,1,'一如初见','278','高档礼盒装鲜花:白玫瑰19枝，勿忘我适量','牛皮纸和深咖啡色条纹纸，银色缎带花结，魔力铁山灰包装盒','人生若只如初见，只愿与你相伴的时光静止，默默体会永恒的滋味。','90214.jpg',0,0,NULL,NULL,NULL,NULL,NULL),
(165,NULL,2,NULL,4,2,1,'纯美恋人','308','白玫瑰33枝，粉色勿忘我围绕','内层白色棉纸，外层浅紫色白牛皮纸，米白色螺纹缎带花结','为了要遇见你，我连呼吸都反复练习，因为思念你，梦中唤着你的名儿千遍千遍……','90215.jpg',0,0,NULL,NULL,NULL,NULL,NULL),
(166,NULL,2,NULL,4,2,1,'双子座守护花','308','苏醒玫瑰20枝、雪山白玫瑰13枝、白色相思梅0.5扎','豆沙色单面人造纸3张、白色雪梨纸1张、虾粉色银白色缎带各1米','世界最动人的风景，不及你的万分之一。属于双子的鲜花玫瑰，献给魅力多样的你。','90216.jpg',0,0,NULL,NULL,NULL,NULL,NULL),
(167,NULL,2,NULL,3,2,1,'初心如一','269','白玫瑰19枝、粉色桔梗6枝，搭配适量紫色小菊、银叶菊、绿叶','银灰色缎带花结、白色手提花篮','青春是段跌跌撞撞的旅行，拥有着后知后觉的美丽，来不及感谢是你给我勇气，让我做回我自己，原来你是我最想留住的幸运。','90217.jpg',0,0,NULL,NULL,NULL,NULL,NULL),
(168,NULL,2,NULL,5,2,1,'梦的光点','346','雪山白玫瑰33支、尤加利叶8支、绿小菊10支','英文报纸2张，白蓝细条纹罗文带1.2米','我追着梦的光点，是因为有了勇气，才不怕危险，我的梦没有上限，给我力量继续往前。','90218.jpg',0,0,NULL,NULL,NULL,NULL,NULL),
(169,NULL,2,NULL,4,2,1,'轻语','378','高档礼盒装鲜花:33枝白玫瑰，少量绿叶','牛皮纸和深咖啡色条纹纸，银色缎带花结，魔力铁山灰包装盒','微风伴着花香，吹来爱的气息。用一颗真心轻轻爱你，温柔的话只说给你听。','90219.jpg',0,0,NULL,NULL,NULL,NULL,NULL),
(170,NULL,2,NULL,4,2,1,'绿野仙踪','328','白玫瑰16枝、绿色小雏菊4枝、绿色重瓣洋桔梗3枝、银叶菊3枝、栀子叶2枝、排草10枝','60#大号魔力铁山灰包装盒','看到它仿佛置身于绿野仙踪，每呼吸一口都是诗的气息，越往深处越是清透。生活在诗中，诗意即生活。','90220.jpg',0,0,NULL,NULL,NULL,NULL,NULL),
(171,NULL,2,NULL,4,2,1,'纯纯的爱恋','338','白玫瑰39枝','灰色方形花桶','白玫瑰，它是那么的娇艳和可爱，如你。','90221.jpg',0,0,NULL,NULL,NULL,NULL,NULL),
(172,NULL,2,NULL,2,2,1,'摩羯座守护花','308','绿掌3枝、白百合3枝、白玫瑰8枝、白绣球1枝、春兰叶1扎、栀子叶1扎','牛皮英文报纸2张、白蓝细条纹罗文带1.5米','摩羯座女孩，你是如此的可爱，像一个小孩，总给我惊喜和意外。属于摩羯座的鲜花花盒，献给沉稳冷静的你。','90222.jpg',0,0,NULL,NULL,NULL,NULL,NULL),
(173,NULL,4,NULL,4,2,2,'眷恋','298','戴安娜粉玫瑰33枝，石竹梅围绕','内层银灰色厚棉纸，外层豌豆花压纹纸，紫红色缎带花结','怒放的生命中，缘分让我们相守，万花丛中，只为寻到你那惊艳万芳的容颜，今生今世，值得我去爱的仅仅是你，你就是我最大的眷念。','90101.jpg',NULL,0,NULL,NULL,NULL,NULL,NULL),
(174,NULL,4,NULL,3,2,2,'爱的小确幸','308','戴安娜粉玫瑰21枝，粉色桔梗5枝，石竹梅7枝','57#魔力铁山灰包装盒','一个人有一种幸福，爱是最简单的音符，啦啦啦~微小确定的幸福！','90102.jpg',NULL,0,NULL,NULL,NULL,NULL,NULL),
(175,NULL,4,NULL,6,3,2,'幸福久久','569','戴安娜粉玫瑰99枝，栀子叶适量','内层白色opp雾面纸，外层白底黑边纸，米白色缎带花结','阳光轻抚着你的脸，忘不了那唯美的画面；你给我的拥抱，加速了我心跳，幸福这般美好！','90103.jpg',NULL,0,NULL,NULL,NULL,NULL,NULL),
(176,NULL,4,NULL,4,2,2,'淳美之爱','306','戴安娜粉玫瑰33枝，白色相思梅5枝','灰蓝/香芋人造双面纸，豆沙色人造单面纸，白蓝细罗纹带','33朵娇美的粉玫瑰，朴素的包裹着。似乎又回到曾经的纯真岁月，那时的我们自然、淳朴。我对你的爱也一直如此，深沉不虚浮......','90104.jpg',NULL,0,NULL,NULL,NULL,NULL,NULL),
(177,NULL,4,NULL,2,2,2,'天使的心跳','226','粉佳人粉玫瑰19枝，粉色桔梗6枝','内层深咖啡平面牛油纸，外层浅粉色短平板，紫色缎带花结','你就是我的天使，带给我快乐的天使，你的心跳牵动着我的每一次呼吸。','90105.jpg',NULL,0,NULL,NULL,NULL,NULL,NULL),
(178,NULL,4,NULL,2,1,2,'假日公主','152','戴安娜粉玫瑰11枝，搭配混色石竹梅、栀子叶','粉色白牛皮纸，米白色平面纸，粉色缎带花结','你会邂逅公主，闪耀你自己的蓝宝石，去亲吻她的唇。','90106.jpg',NULL,0,NULL,NULL,NULL,NULL,NULL),
(179,NULL,4,NULL,5,3,2,'不变的心','469','戴安娜玫瑰66枝 勿忘我适量围绕','内层粉色厚棉纸 外层银灰色短平板印花树叶草 粉紫双色缎带','爱上你是我今生最大的幸福，想你是我最甜蜜的痛苦，和你在一起是我的骄傲。没有你，我就像一只迷失了方向的船。','90107.jpg',NULL,0,NULL,NULL,NULL,NULL,NULL),
(180,NULL,4,NULL,2,2,2,'温柔如你','202','戴安娜粉玫瑰12枝，石竹梅7枝，叶上花适量','蓝色方形花桶','走在风中今天阳光，突然好温柔，天的温柔，地的温柔，像你抱着我，把我最好的爱给你，是我全部的温柔。','90108.jpg',NULL,0,NULL,NULL,NULL,NULL,NULL),
(181,NULL,4,NULL,2,2,2,'最美的旋律','236','苏醒236粉玫瑰16枝，粉色绣球1枝，绿小菊3枝，叶上花6枝','内层粉色opp雾面纸 外层蓝色绝色纸 透明玻璃纸 白咖细罗纹带','温馨的往昔，仿佛是一首悠扬的乐曲，依然是最美的旋律。犹如粉红的苏醒玫瑰，充满着粉红色的回忆。深深浅浅的粉，深深浅浅的宁静。','90109.jpg',NULL,0,NULL,NULL,NULL,NULL,NULL),
(182,NULL,4,NULL,2,2,2,'暖暖','249','高档礼盒装鲜花:戴安娜粉玫瑰19枝，勿忘我适量','牛皮纸和深咖啡色条纹纸，银色缎带花结，魔力铁山灰包装盒','爱一个人希望他过更好，打从心里暖暖的，你比自己更重要。','90110.jpg',NULL,0,NULL,NULL,NULL,NULL,NULL),
(183,NULL,4,NULL,1,2,2,'好时光','239','粉色香水百合4枝，苏醒粉玫瑰9枝，搭配适量迷你菊、叶上花','内层黄色不织布，外层浅紫/香芋紫人造不织布，玻璃纸，白咖罗纹带','有一段走过的路我不会忘，有一个爱过的人放在心上，有一个追逐的梦叫做理想，过去那一场美好时光，我会好好珍藏！','90111.jpg',NULL,0,NULL,NULL,NULL,NULL,NULL),
(184,NULL,4,NULL,1,1,2,'粉恋','140','戴安娜粉玫瑰9枝，搭配紫红色勿忘我、栀子叶适量','内层米白色平面纸，外层蓝色吊花压纹纸','秋天的风正吹过，穿过头发穿过耳朵，好想说爱你，百分百心动感觉！','90112.jpg',NULL,0,NULL,NULL,NULL,NULL,NULL),
(185,NULL,4,NULL,5,2,2,'浪漫缤纷','379','戴安娜粉玫瑰50枝，石竹梅围绕一周','深蓝色条纹纸，红色缎带花结','缤纷的花瓣从空中缓缓飘落，如同你的吻轻轻印在我的脸庞——因为爱你，所以浪漫。','90113.jpg',NULL,0,NULL,NULL,NULL,NULL,NULL),
(186,NULL,4,NULL,4,2,2,'甜蜜物语','368','黛安娜粉玫瑰33枝，粉色香水百合3枝，搭配适量粉色勿忘我','浅紫／香芋紫人造纸，白色雪梨纸，粉色吊花压纹纸，白蓝细罗纹带','轻轻关上我的眼睛，整个心里都是你，希望真爱被你感应。','90114.jpg',NULL,0,NULL,NULL,NULL,NULL,NULL),
(187,NULL,4,NULL,2,2,2,'夏日香气','268','苏醒粉玫瑰19枝、粉色桔梗6枝，粉紫色雏菊2枝，搭配适量尤加利、银叶菊、绿叶','银色缎带花结、蓝色手提花篮','你的香气，跟着风叫醒我，清晨的雨滴，装满着你的香气，不管到哪里，都想要拥有！','90115.jpg',NULL,0,NULL,NULL,NULL,NULL,NULL),
(188,NULL,4,NULL,5,2,2,'情有独钟','379','戴安娜粉玫瑰50枝，石竹梅','浅紫香芋紫人造双面纸，深浅绿双面纸，玻璃纸，白绿宽罗纹带','风里有种浪漫气息缓缓流动，挑起了爱的情绪，一点一滴流入心中，对你情有独钟，想把整个世界都给你，都不觉得荒谬。','90116.jpg',NULL,0,NULL,NULL,NULL,NULL,NULL),
(189,NULL,4,NULL,2,2,2,'柔情蜜意','206','11枝戴安娜粉玫瑰，白百合2枝，白色相思梅5枝，栀子叶0.5扎','浅紫香芋紫人造纸2张，米白色缎带1.5米','用一切美好的词语来形容你都不为过，你值得被世界温柔以待。','90117.jpg',NULL,0,NULL,NULL,NULL,NULL,NULL),
(190,NULL,4,NULL,4,2,2,'和青春跳舞','368','高档礼盒装鲜花:33枝戴安娜玫瑰，少量绿叶','牛皮纸和深咖啡色条纹纸，银色缎带花结，魔力铁山灰包装盒','躁动着，呐喊着，青春的旋律永不停息。拥抱爱人，和我们的青春跳一支舞吧。','90118.jpg',NULL,0,NULL,NULL,NULL,NULL,NULL),
(191,NULL,4,NULL,2,2,2,'窈窕淑女','208','高档礼盒装鲜花:戴安娜粉玫瑰11枝，勿忘我适量','素染纸-浅灰2张，雪梨纸0.5张，银灰色logo缎带1米，魔力铁山灰盒(小)','“关关雎鸠，在河之洲，窈窕淑女，君子好逑。”爱上你是我今生最大的幸福，我只钟情你一个。','90119.jpg',NULL,0,NULL,NULL,NULL,NULL,NULL),
(192,NULL,4,NULL,4,2,2,'拥抱的幸福','308','戴安娜粉玫瑰39枝','白色方形花桶','你的拥抱融化了我的心，你就像阳光一样暖暖的。自从你入驻了我的左心房，我的整个世界都是幸福的。','90120.jpg',NULL,0,NULL,NULL,NULL,NULL,NULL),
(193,NULL,4,NULL,2,2,2,'心有灵犀','316','精品粉玫瑰共29枝(粉佳人粉玫瑰17枝+水粉色苏醒玫瑰12枝)','深浅两种粉色短平板，白色螺纹缎带','记不清有多少次你我不约而同说出一样的话，有一种默契叫做心有灵犀。','90121.jpg',NULL,0,NULL,NULL,NULL,NULL,NULL),
(194,NULL,4,NULL,3,2,2,'粉色女孩','368','戴安娜粉玫瑰29枝，粉色香水百合2枝，搭配白色桔梗2枝，叶上花5枝','内层粉色雾面纸，外层蓝灰色绝色纸，白咖细罗纹带','初恋的粉色系，脸颊旁的唇蜜，透露爱情来临的小秘密，催眠般的魔力，陷入你的陷阱。','90122.jpg',NULL,0,NULL,NULL,NULL,NULL,NULL),
(195,NULL,4,NULL,2,2,2,'梦想缤纷','296','戴安娜粉玫瑰11枝,香槟玫瑰13枝,红玫瑰5枝，搭配适量绿叶','内层乱网纸，外层粉色白牛皮、水粉色压纹纸，咖啡色缎带花结','如缓缓上升的五彩泡泡，在阳光下梦想五色闪光，请永远相信美好的事物即将发生。','90123.jpg',NULL,0,NULL,NULL,NULL,NULL,NULL),
(196,NULL,3,NULL,1,2,2,'请原谅我','329','白百合2枝、浅蓝绣球1枝、金枝玉叶黄玫瑰6枝、香槟玫瑰3枝、栀子叶0.5扎、跳舞兰6枝','深浅绿双面人造纸2张、深棕色缎带2米','黄色的玫瑰表示的是道歉的含义，用诚心换取TA的谅解，不用言语就能化解心中的不快。','90501.jpg',NULL,0,NULL,NULL,NULL,NULL,NULL),
(197,NULL,3,NULL,1,2,2,'暗香','238','香槟玫瑰11枝，黄玫瑰8枝，红豆3枝','香槟玫瑰11枝，黄玫瑰8枝，红豆3枝，适量叶上花,银叶菊（如当地红豆缺货，用相思梅等其他寓意相近配材','内层米黄色不织布，外层绿色人造纸，白咖色罗纹缎带','90502.jpg',NULL,0,NULL,NULL,NULL,NULL,NULL),
(198,NULL,3,NULL,2,2,2,'想你了','339','金枝玉叶黄玫瑰19枝、绿色小雏菊3枝、红豆4枝、紫色洋桔梗3枝、栀子叶0.3扎','黑色OPP雾面纸2张、浅紫色丝带1.5米','那些日子你会不会舍不得，思念就像关不紧的门，空气里有幸福的灰尘。)','90503.jpg',NULL,0,NULL,NULL,NULL,NULL,NULL),
(199,NULL,3,NULL,2,2,2,'射手座守护花','338','红色多头玫瑰4枝、白色洋桔梗4枝、尤加利叶1枝、黄金球7枝、黄玫瑰10枝、绿掌2枝、栀子叶1扎','黄绿双面人造纸1张、深浅绿双面人造纸1张、白蓝细条纹罗文带1.5米','既能陪你执杖走天涯，像风一样自由；也能陪你柴米油盐，看细水长流。属于射手座的鲜花花盒，献给轻盈自由的你。','90504.jpg',NULL,0,NULL,NULL,NULL,NULL,NULL),
(200,NULL,5,NULL,3,2,2,'紫色的梦----冷美人紫玫瑰19枝，白色','269','冷美人紫玫瑰19枝，白色桔梗7枝，白色相思梅5枝','浅紫香芋紫人造纸，紫色、银灰色缎带','如果说红色寓意幸运，那么紫色就是幸运的极致；如果说蓝色代表安宁，那么紫色就是安宁的边缘，以期这一抹紫色带给你温馨与浪漫~\r\n','90301.jpg',NULL,0,NULL,NULL,NULL,NULL,NULL),
(201,NULL,5,NULL,2,2,2,'花仙子----蓝绣球2枝，粉绣球1枝，紫','348','蓝绣球2枝，粉绣球1枝，紫玫瑰9枝，红豆3枝，搭配适量紫红色勿忘我（如当地红豆缺货，用相思梅等其他寓','双色人造纸（浅紫色、香芋紫），深灰色opp纸，玻璃纸，白咖色罗纹缎带','能给人们带来幸福的花儿，在那静静绽放；可爱的人啊，正采摘着七色花而来！\r\n','90302.jpg',NULL,0,NULL,NULL,NULL,NULL,NULL),
(202,NULL,5,NULL,6,4,2,'伴你久久----冷美人紫玫瑰99枝','639','冷美人玫瑰99枝','浅灰色素染纸6张，白蓝细条纹罗文带2米','为你动情一瞬，便想相爱一生。对你的思念太深，只想和你一直走下去，直到永远。\r\n','90303.jpg',NULL,0,NULL,NULL,NULL,NULL,NULL),
(203,NULL,5,NULL,5,2,2,'浪漫香气----11枝冷美人紫玫瑰，粉百','208','浅紫香芋紫人造纸2张，米白色缎带1.5米','浅紫香芋紫人造纸2张，米白色缎带1.5米','你是我所有浪漫的源头，没有你，我便不再浪漫。\r\n','90304.jpg',NULL,0,NULL,NULL,NULL,NULL,NULL),
(204,NULL,5,NULL,5,3,2,'情深款款----紫玫瑰66枝，搭配适量叶','496','紫玫瑰66枝，搭配适量叶上花、尤加利','内层灰色雾面纸，外层蓝色吊花压纹纸，白咖罗纹带花结','我遇见情深款款的你，美丽动人，愿让你知道，是你浓情的眼神，醉掉我心。\r\n','90305.jpg',NULL,0,NULL,NULL,NULL,NULL,NULL),
(205,NULL,5,NULL,2,1,2,'只要有你----紫玫瑰11枝，浅粉色雏菊','158','紫玫瑰11枝，浅粉色雏菊3枝，搭配适量紫红色勿忘我、叶上花','opp白色、粉色雾面纸，蓝色人造纸 白咖细罗纹带','生命中只要有你，什么都变得可以，让所有流星随时都相遇。\r\n','90306.jpg',NULL,0,NULL,NULL,NULL,NULL,NULL),
(206,NULL,5,NULL,5,3,2,'只对你有感觉----冷美人紫玫瑰50枝','406','冷美人玫瑰50枝','浅灰色素染纸5张，白蓝细条纹罗文带1米','微笑再美再甜不是你的，都不特别。你在我眼中，是独一无二的美，我只对你有感觉。\r\n','90307.jpg',NULL,0,NULL,NULL,NULL,NULL,NULL),
(207,NULL,5,NULL,2,2,2,'遇见最美的你----精品玫瑰礼盒,紫色玫','208','高档礼盒装鲜花：紫色玫瑰11枝、深紫色勿忘我0.3扎','素染纸-浅灰2张，雪梨纸0.5张，银灰色logo缎带1米，魔力铁山灰盒(小)','与你相遇是我生命中最美的回忆，你是如此的珍贵、独特，请接收我的浪漫与真情。\r\n','90308.jpg',NULL,0,NULL,NULL,NULL,NULL,NULL),
(208,NULL,5,NULL,1,1,2,'一生挚爱----紫玫瑰9枝','149','紫玫瑰9枝，搭配适量粉色勿忘我、紫色情人草','内层白色人造纸，外层浅紫/香芋人造纸，白色缎带花结','温暖充盈在心海，天空折射出色彩，感觉每一次心跳的节拍，都是对心中的挚爱，告白！\r\n','90309.jpg',NULL,0,NULL,NULL,NULL,NULL,NULL),
(209,NULL,5,NULL,3,2,2,'梦醒之初----紫色玫瑰19枝，白色桔梗','256',' 紫色玫瑰19枝，白色桔梗5枝，紫色勿忘我0.2扎，叶上花3枝','白色方形花桶','在青春的阳光中，从沉沉的睡梦中醒来\r\n，睁开双眼，迎来来自早上的浪漫惊喜','90310.jpg',NULL,0,NULL,NULL,NULL,NULL,NULL),
(210,NULL,5,NULL,3,2,2,'一生期盼----紫玫瑰19枝、紫色桔梗6','269','紫玫瑰19枝、紫色桔梗6枝、搭配适量紫色雏菊、银叶菊、绿叶','银灰色缎带花结、银灰色手提花篮','喜欢是淡淡的爱，爱是深深的喜欢，爱你是我一生的期盼，祝你一生都幸福，快乐永远！','90311.jpg',NULL,0,NULL,NULL,NULL,NULL,NULL),
(211,NULL,5,NULL,3,2,2,'紫情蜜语----紫霞仙子紫玫瑰20枝','288','紫霞仙子紫玫瑰20枝（如当地缺货可用冷美人紫玫瑰替代）、银叶菊1扎、粉色千日红0.3扎','矮身圆肚玻璃花瓶系丝带','偷偷将空白抹去，汇成七彩的梦境，甜蜜的话语只说与你听。','90312.jpg',NULL,0,NULL,NULL,NULL,NULL,NULL),
(212,NULL,5,NULL,4,2,2,'紫霞仙子----紫玫瑰36枝，石竹梅围绕','366','紫玫瑰36枝，石竹梅围绕','内层白色雪梨纸，外层粉色厚绵纸与蓝色吊花压纹纸，粉色紫红色双色缎带','你是我心中永远的紫霞仙子，我愿踏着七彩祥云而来，许你一段繁花似锦永不消逝的时光！','90313.jpg',NULL,0,NULL,NULL,NULL,NULL,NULL),
(213,NULL,5,NULL,4,2,2,'紫色浪漫----冷美人玫瑰19枝、紫色紫','279','冷美人紫玫瑰19枝、紫色紫罗兰9枝、白百合2枝、栀子叶5枝','粉色吊花压纹纸1张、浅紫香芋紫人造纸1米、白色雪梨纸1张、灰色缎带1.5米','喜欢紫色的淡和柔，那朦胧中略透着蓝色的紫，柔柔的，淡淡的，充满着遐想，充满着浪漫，紫色体现着高贵和典雅。','90314.jpg',NULL,0,NULL,NULL,NULL,NULL,NULL),
(214,NULL,5,NULL,2,2,2,'嫣然一笑----精品玫瑰礼盒:紫玫瑰19','278','高档礼盒装鲜花:紫玫瑰19枝，勿忘我适量','牛皮纸和深咖啡色条纹纸，银色缎带花结，魔力铁山灰包装盒','回眸一笑百媚生，万千粉黛无颜色，最爱那刹那的娇羞，浑然不知今夕何夕。','90315.jpg',NULL,0,NULL,NULL,NULL,NULL,NULL),
(215,NULL,5,NULL,4,2,2,'相思扣----冷美人紫玫瑰33枝','349','冷美人玫瑰33枝\r\n','浅灰色素染纸4张，白蓝细条纹罗文带1米','人生中有许多美丽的交集，而与你相遇却是其中最刻骨铭心的记忆。','90316.jpg',NULL,0,NULL,NULL,NULL,NULL,NULL),
(216,NULL,6,NULL,2,1,2,'恋恋情深----11枝香槟玫瑰，白百合2','199','11枝香槟玫瑰，白百合2枝，栀子叶0.5扎','深浅绿双面人造纸2张，米白色缎带1.5米','喜欢像是一阵风，而爱你是细水长流','90401.jpg',NULL,0,NULL,NULL,NULL,NULL,NULL),
(217,NULL,6,NULL,2,2,2,'你最珍贵----精品玫瑰礼盒:香槟玫瑰1','258','高档礼盒装鲜花:香槟玫瑰19枝，勿忘我适量','牛皮纸和深咖啡色条纹纸，银色缎带花结，魔力铁山灰包装盒','广阔世界，你是我最重要的人，时时刻刻都想陪在你身边，让你的肩膀不再孤单。','90402.jpg',NULL,0,NULL,NULL,NULL,NULL,NULL),
(218,NULL,6,NULL,2,2,2,'恰似你的温柔----精品玫瑰礼盒,香槟玫','206','高档礼盒装鲜花:香槟玫瑰11枝、深紫色勿忘我0.3扎','素染纸-浅灰2张，雪梨纸0.5张，银灰色logo缎带1米，魔力铁山灰盒(小)','你的温柔似水，静静无言，用心浇灌一份爱，等待最美的时刻绽放。','90403.jpg',NULL,0,NULL,NULL,NULL,NULL,NULL),
(219,NULL,6,NULL,5,3,2,'天天天晴----香槟玫瑰66枝','496','香槟玫瑰66枝','青灰色双面牛皮纸4张，米白色缎带2米','你有没有发现，只要我们在一起，抬起头就是好天气。','90404.jpg',NULL,0,NULL,NULL,NULL,NULL,NULL),
(220,NULL,6,NULL,2,2,2,'温馨问候----香槟玫瑰9枝、白百合2枝','285','香槟玫瑰9枝、白百合2枝、粉色康乃馨13枝','粉色opp雾面纸1张、蓝色条纹纸1张、香槟色丝带1米、魔力铁山灰花盒(大号60#)1个','母亲节，把你平时羞涩于说出口的我爱你，就在母亲节这天告诉她吧~','90405.jpg',NULL,0,NULL,NULL,NULL,NULL,NULL),
(221,NULL,6,NULL,2,2,2,'阳光海岸----19枝香槟玫瑰','228','19枝香槟玫瑰，白色石竹梅围绕','英文纸，咖啡色缎带花结','和你手牵手漫步海边，在沙滩上画两颗心，心心相印，永不分离。','90406.jpg',NULL,0,NULL,NULL,NULL,NULL,NULL),
(222,NULL,6,NULL,6,4,2,'恋恋不忘----香槟玫瑰99枝，叶上花围','639','香槟玫瑰99枝，叶上花围绕','内层咖啡色厚棉纸，外层英文报纸，咖啡色缎带花结','有一种幸福，叫美梦成真；有一种幸福，叫终成眷属；有一种幸福，叫恋恋不忘！','90407.jpg',NULL,0,NULL,NULL,NULL,NULL,NULL),
(223,NULL,6,NULL,2,2,2,'晴朗----香槟玫瑰11枝，向日葵2枝，','242','香槟玫瑰11枝，向日葵2枝，绿色桔梗5枝，绿色小菊3枝，叶上花3枝','内层雪梨纸，外层英文报纸，拉菲草花结','你的心，蔚蓝得，温暖得，透出了光芒；宇宙里，陨落的，失踪的，天使又歌唱。月光找到了海洋，生命找来了时光。','90408.jpg',NULL,0,NULL,NULL,NULL,NULL,NULL),
(224,NULL,6,NULL,2,1,2,'柔情似水----香槟色玫瑰11枝，紫红色','158','香槟玫瑰11枝，紫红色勿忘我0.3扎，栀子叶适量','黄色/绿色双色人造纸，银色缎带花结','柔情似水，佳期如梦，忍顾鹊桥归路！','90409.jpg',NULL,0,NULL,NULL,NULL,NULL,NULL),
(225,NULL,6,NULL,2,2,2,'我只钟情你----香槟玫瑰11枝、白色小','239','香槟玫瑰11枝、白色小雏菊3枝、浅紫色勿忘我4枝、栀子叶2枝','米白色平面纸1张、蓝色条纹纸1张、米白色缎带1米、60#大号魔力铁山灰包装盒','香槟玫瑰清新、脱俗，品位独特！让我们乘着芬芳的清风，手牵着手走过四季春秋。','90410.jpg',NULL,0,NULL,NULL,NULL,NULL,NULL),
(226,NULL,6,NULL,1,1,2,'爱如氧气----香槟玫瑰9枝，香槟色桔梗','146','香槟玫瑰9枝，香槟色桔梗2枝，紫色勿忘我3枝，栀子叶','黄色不织布，豆沙色人造单面纸，白咖细罗纹带','雨后花瓣，散落一地，人潮拥挤，爱如氧气，没有它，我无法呼吸，你永远那么美丽！','90411.jpg',NULL,0,NULL,NULL,NULL,NULL,NULL),
(227,NULL,6,NULL,5,2,2,'多彩的季节----三色玫瑰共50枝','399','玫瑰50枝（香槟玫瑰15枝，苏醒玫瑰18枝，白玫瑰17枝），搭配银叶菊6枝、相思梅6枝','墨绿色素染纸4张，英文玻璃纸2张，米白色/银灰色缎带各2米','在这多彩的季节里，编首歌唱给自己，拥抱那朝阳让希望飘扬。','90412.jpg',NULL,0,NULL,NULL,NULL,NULL,NULL),
(228,NULL,6,NULL,2,1,2,'清风雅韵----香槟玫瑰12枝，迷你菊6','169','香槟玫瑰12枝，迷你菊6枝，栀子叶半扎（如当地迷你菊缺货，用勿忘我或者石竹梅代替）','内层雾面纸，外层浅绿/深绿人造双面纸，白咖色罗纹带','迷你菊带来小确幸，玫瑰花邀来爱情！清似溪流涓涓水，风如三月杨柳絮。雅吟风骚诗千古，韵含真情吐芬芳。','90413.jpg',NULL,0,NULL,NULL,NULL,NULL,NULL),
(229,NULL,6,NULL,2,2,2,'暗香----香槟玫瑰11枝，黄玫瑰8枝，','238','香槟玫瑰11枝，黄玫瑰8枝，红豆3枝，适量叶上花,银叶菊（如当地红豆缺货，用相思梅等其他寓意相近配材','内层米黄色不织布，外层绿色人造纸，白咖色罗纹缎带','这久违的感觉，那熟悉的气息。悠悠的，淡淡的，是那样的清甜，是那样的芳香。使我陶醉，令我痴狂。亦悬似真，如梦如幻。仿佛在诉说她的恬静与夜的清凉。','90414.jpg',NULL,0,NULL,NULL,NULL,NULL,NULL),
(230,NULL,6,NULL,4,2,2,'恋香----精品玫瑰礼盒:香槟玫瑰33枝','378','高档礼盒装鲜花:33枝香槟玫瑰，少量绿叶','牛皮纸和深咖啡色条纹纸，银色缎带花结，60#魔力铁山灰包装盒','微风伴着花香，吹来爱的气息。用一颗真心轻轻爱你，温柔的话只说给你听。','90415.jpg',NULL,0,NULL,NULL,NULL,NULL,NULL),
(231,NULL,6,NULL,6,4,2,'99的爱----香槟玫瑰99枝，尤加利适','639','香槟玫瑰99枝，尤加利适量','内层米白色平面纸，外层黄/绿双面人造纸','过程太美就像我第一次遇见你，你傻的可爱我也没想过会爱的彻底，这一天，99的爱给你，幸福永远！','90416.jpg',NULL,0,NULL,NULL,NULL,NULL,NULL),
(232,NULL,6,NULL,4,2,2,'夏日恋曲----香槟玫瑰33枝、绿色小雏','376','香槟玫瑰33枝、绿色小雏菊8枝、白色石竹梅5枝、栀子叶3枝','白色雪梨纸1张、米白色平面纸1张、墨绿色条纹纸1.5张、白绿粗条纹罗文带1米','一起吃甜筒、切冰镇西瓜、各式各样的花裙子……关于夏天的美好记忆里全部有你。','90417.jpg',NULL,0,NULL,NULL,NULL,NULL,NULL),
(233,NULL,6,NULL,4,2,2,'你的微笑----香槟玫瑰39枝','348','香槟玫瑰39枝','蓝色方形花桶','如果金色的阳光，停止了它耀眼的光芒。那么你的一个微笑，将照亮我的整个世界。','90418.jpg',NULL,0,NULL,NULL,NULL,NULL,NULL),
(234,NULL,6,NULL,5,3,2,'夏之物语----香槟玫瑰50枝','406','香槟玫瑰50枝，叶上花一扎','内层香芋人造双面纸，灰蓝绝色纸，外层白色opp雾面纸，白蓝细条纹缎带','爱你的心如夏日骄阳般炽热滚烫，唯有你的柔情，如同清凉的泉水让我获得平静。','90419.jpg',NULL,0,NULL,NULL,NULL,NULL,NULL),
(235,NULL,6,NULL,2,2,2,'心晴----香槟玫瑰19枝、香槟色桔梗3','276','香槟玫瑰19枝、香槟色桔梗3枝、紫色桔梗2枝，搭配适量紫色小菊、银叶菊、 绿叶','银灰色缎带花结、白色手提花篮','夏日的阳光照耀出一份思念，嘴边的空气也仿佛变成微甜。所有编织的梦都实现，让所有阴霾通通放晴！','90420.jpg',NULL,0,NULL,NULL,NULL,NULL,NULL),
(236,NULL,6,NULL,2,2,2,'天秤座守护花----香槟玫瑰11枝、白百','298','香槟玫瑰11枝、白百合3枝、蕾丝3枝、银叶菊8枝','蓝色条纹纸2张，虾粉双面牛皮纸纸2张、米白色缎带1.5米','爱上你是我今生最大的幸福，想你是我最甜蜜的痛苦。专属天秤座的鲜花玫瑰，献给高贵美丽的你。','90421.jpg',NULL,0,NULL,NULL,NULL,NULL,NULL),
(237,NULL,6,NULL,4,4,2,'「熊抱花束」遇见你----香槟玫瑰33枝','798','香槟玫瑰33枝、黄色水仙百合1.5扎、浅紫色绣球1枝、绿色洋桔梗0.3扎、黄色绿心小雏菊1扎、尤加利','灰色素染纸12张、白色雪梨纸2张、白咖罗纹带花结3米','有你在，才会觉得暖心。','90422.jpg',NULL,0,NULL,NULL,NULL,NULL,NULL),
(238,NULL,6,NULL,2,2,2,'常相伴----香槟玫瑰16枝，绿色康乃馨','348','香槟玫瑰16枝，绿色康乃馨12枝，白色相思梅5枝，栀子叶1扎，叶上白8枝。长城干红葡萄酒1支','黑色手提花篮1个（花篮样式依城市不同稍有差异，以当地出货为准）','仿佛阳光扑入怀抱，拥抱一个全新世界。那里有温暖的阳光，醉人的花香...','90423.jpg',NULL,0,NULL,NULL,NULL,NULL,NULL),
(239,NULL,6,NULL,2,2,2,'夏日倾情----香槟玫瑰19枝，银叶菊1','308','香槟玫瑰19枝，银叶菊1扎，绿色重瓣洋桔梗0.5扎，白色相思梅0.3扎','蓝色方形花筒','是你吗？手执鲜花的那一个，你我曾在梦里暗中相约在这夏，让这么一刻，燃亮爱吧~','90424.jpg',NULL,0,NULL,NULL,NULL,NULL,NULL),
(240,NULL,6,NULL,2,2,2,'梦想缤纷----戴安娜粉玫瑰11枝+香槟','296','戴安娜粉玫瑰11枝,香槟玫瑰13枝,红玫瑰5枝，搭配适量绿叶','内层乱网纸，外层粉色白牛皮、水粉色压纹纸，咖啡色缎带花结','如缓缓上升的五彩泡泡，在阳光下梦想五色闪光，请永远相信美好的事物即将发生。','90425.jpg',NULL,0,NULL,NULL,NULL,NULL,NULL),
(241,NULL,6,NULL,2,2,2,'浪漫满屋----香槟玫瑰11支，浅蓝色绣','209','香槟玫瑰11支，浅蓝色绣球1枝，叶上花及美女樱适量至花束饱满','牛皮纸，咖啡色条纹纸，咖啡色缎带蝴蝶结','“以后别提冰激凌，再也不吃。以后给我买玫瑰吧，就要玫瑰。”“玫瑰很贵的。”如果可以，让心一起住在《浪漫满屋》（韩剧）里，去开开心心、活蹦乱跳的谈情说爱。','90426.jpg',NULL,0,NULL,NULL,NULL,NULL,NULL),
(242,NULL,7,NULL,2,1,2,'母爱----紫红色康乃馨9枝，粉色多头康','178','紫红色康乃馨9枝，粉色多头康乃馨10枝','白色雪梨纸，香芋紫人造纸，粉色opp雾面纸，白蓝罗纹带花结','没你疼爱我怎么生活，没你抚养我怎能长大，你给了我青春的年华，自己却满头白发，不负青春年华，是对你最好的报答！','90601.jpg',NULL,0,NULL,NULL,NULL,NULL,NULL),
(243,NULL,7,NULL,2,2,2,'馨情无限----戴安娜玫瑰11枝，红色康','246','高档礼盒装鲜花:戴安娜粉玫瑰11枝，红色康乃馨11支，红色石竹梅4枝，栀子叶4枝','蓝灰色绝色纸1张，粉色OPP雾面纸1米，白绿粗条纹罗文带1米，魔力铁山灰盒（大）','曾经有人说“回家叫一声妈妈，是一件很幸福的事”。直到现在，才体会到这种甜蜜，原来我一直都过得如此美满...因为有妳，我的妈妈！','90602.jpg',NULL,0,NULL,NULL,NULL,NULL,NULL),
(244,NULL,7,NULL,2,1,2,'幸福绽放----粉色康乃馨19枝','166','粉色康乃馨19枝，搭配适量石竹梅、紫色勿忘我、栀子叶','内层紫红色不织布，外层粉色白牛皮纸，玫红色缎带花结','携带一束鲜花来到您的身旁，花儿浓缩了我对您的祝福，您在我的心里永远美丽、漂亮！','90603.jpg',NULL,0,NULL,NULL,NULL,NULL,NULL),
(245,NULL,7,NULL,2,2,2,'温馨问候----香槟玫瑰9枝、白百合2枝','285','香槟玫瑰9枝、白百合2枝、粉色康乃馨13枝','粉色opp雾面纸1张、蓝色条纹纸1张、香槟色丝带1米、魔力铁山灰花盒(大号60#)1个','母亲节，把你平时羞涩于说出口的我爱你，就在母亲节这天告诉她吧~','90604.jpg',NULL,0,NULL,NULL,NULL,NULL,NULL),
(246,NULL,7,NULL,3,2,2,'感激----29枝红康乃馨,2枝粉百合','218','2枝粉百合，29枝红康乃馨，适量黄莺搭配','内层香槟色皱纸，红色平面纸，绿色缎带花结','常怀感恩之心的人是最幸福的，常怀感激之情的生活是最甜美的！','90605.jpg',NULL,0,NULL,NULL,NULL,NULL,NULL),
(247,NULL,7,NULL,2,2,2,'嫣然----粉色康乃馨19枝，粉色扶郎花','208','粉色康乃馨19枝，粉色扶郎花5枝，紫色小雏菊3枝，银叶菊10枝','白色雾面纸，香芋紫／浅紫人造纸，粉色缎带花结','嫣然一笑，花染，云淡风轻。','90606.jpg',NULL,0,NULL,NULL,NULL,NULL,NULL),
(248,NULL,7,NULL,4,2,2,'永恒的爱----粉色康乃馨33枝','246','粉色康乃馨33枝，石竹梅围绕','内层紫红色不织布，外层淡紫色白牛皮纸，红色缎带花结','母亲的爱是永恒的，她是一颗不落的星；母亲的爱是伟大的，她可以毫不保留的付出一切倾尽所有！','90607.jpg',NULL,0,NULL,NULL,NULL,NULL,NULL),
(249,NULL,7,NULL,2,2,2,'暖暖的问候----苏醒11枝、白百合2枝','259','高档礼盒装鲜花：苏醒11枝、白百合2枝、浅粉色康乃馨9枝、白色相思梅2枝','绿色条纹纸1张、米白色平面纸1张、银灰色缎带1米、魔力铁山灰盒（大）','康乃馨+百合，温暖、纯洁，康乃馨+玫瑰，共同表达对妈妈的爱。暖暖的心意，让花儿传送：请你把这最诚挚的祝福带在身边，让幸福永远伴随你!','90608.jpg',NULL,0,NULL,NULL,NULL,NULL,NULL),
(250,NULL,7,NULL,2,1,2,'恩情无限----粉色康乃馨11枝，百合2','178','粉色康乃馨11枝，粉色多头香水百合2枝，栀子叶适量','白色雪梨纸，米白色平面纸，粉色吊花压纹纸 银灰色缎带','我想在阳光下满身花香，我想在阳光下沐浴清新，我想在清新里感受每一天的好时光..','90609.jpg',NULL,0,NULL,NULL,NULL,NULL,NULL),
(251,NULL,7,NULL,2,1,2,'感恩密码----19枝粉康乃馨','165','19枝粉康乃馨,满天星+黄莺适量搭配','内层白色皱纸，外层粉色平面纸，粉色缎带花结','只有你最知道，那些成长中眼泪和欢笑，这些点点滴滴专属我们之间小密秘，变成我们一辈子的感恩密码。','90610.jpg',NULL,0,NULL,NULL,NULL,NULL,NULL),
(252,NULL,7,NULL,2,1,2,'紫为你动馨----16枝紫康乃馨','159','16枝紫红色康乃馨，粉色+紫色勿忘我,情人草搭配','内层浅紫色棉纸，外层深蓝色条纹纸，紫色缎带花结','把美丽的紫色汇成最美的花，用最美的花诉说最温馨的话。','90611.jpg',NULL,0,NULL,NULL,NULL,NULL,NULL),
(253,NULL,7,NULL,2,2,2,'爱的祝福----2枝多头白香水百合,19','208','2枝多头白香水百合,19枝粉康乃馨,黄莺适量搭配','内层白色乱网，外层粉色平面纸，香槟与粉色双层缎带花结','康乃馨+百合， 温暖、纯洁，暖暖的心意，让花儿传送：爱是牵挂，爱是奉献，是思念的痛，是回忆的甜，是难舍难分!是晨昏心颤的期盼……','90612.jpg',NULL,0,NULL,NULL,NULL,NULL,NULL),
(254,NULL,7,NULL,5,2,2,'幸福万年长----红色康乃馨66枝，白边','379','红色康乃馨66枝，搭配白边紫色多头康乃馨15枝，栀子叶2扎','蓝灰色绝色纸2张，墨绿色条纹纸2张，玻璃纸1.5米，白绿粗条纹罗文带1.5米','家是什么?有人说家是倦鸟归来的巢，家是小船避风的港......有爱有家，幸福万年长。','90613.jpg',NULL,0,NULL,NULL,NULL,NULL,NULL),
(255,NULL,7,NULL,6,3,2,'健康长久----红色康乃馨99枝、多头红','429','红色康乃馨99枝、多头红色康乃馨1扎、栀子叶2扎','粉色OPP雾面纸3张、灰色OPP雾面纸3张、蓝色细条纹螺纹带2米','时光时光慢些吧，不想让你再变老啦~我愿用我一切，换你岁月长留。','90614.jpg',NULL,0,NULL,NULL,NULL,NULL,NULL),
(256,NULL,7,NULL,2,1,2,'爱的思念----手提式花篮','196','红玫瑰12枝，红色康乃馨12枝，填充红豆、绿叶适量（如当地红豆缺货，用相思梅等其他寓意相近配材替代。','有柄花篮一个，墨绿色缎带花结一个（花篮款式以各城市实际出货为准）','爱的思念绵延不绝，终于和天在地平线上交汇......有一种很玄的东西叫思念，思念是是甜蜜，夹杂着淡淡苦涩，被人思念，也是一种被爱的幸福。','90615.jpg',NULL,0,NULL,NULL,NULL,NULL,NULL),
(257,NULL,7,NULL,2,1,2,'天使之祈----精品康乃馨礼盒,粉色康乃','198','高档礼盒装鲜花: 粉色康乃馨19枝，勿忘我0.3扎','浅灰色素染纸2张，紫色缎带1.2米,魔力铁山灰花盒1个','健康、平安、幸福，一切尽在不言中，让花儿的香味弥漫四周，带来对于生活最美好的祝福。','90616.jpg',NULL,0,NULL,NULL,NULL,NULL,NULL),
(258,NULL,7,NULL,2,1,2,'紫听您说----紫色康乃馨12枝，粉色康','176','紫红色康乃馨12枝，粉色康乃馨7枝，多头百合1枝，搭配适量石竹梅','内层常春藤粉色压纹纸 外层深蓝色条纹纸 酒红色缎带花结','“听妈妈的话，别让她受伤想快快长大；才能保护她美丽的白发，幸福中发芽；天使的魔法，温暖中慈祥。”Jay《听妈妈的话》','90617.jpg',NULL,0,NULL,NULL,NULL,NULL,NULL),
(259,NULL,7,NULL,1,2,2,'圆满----康乃馨6枝，红玫瑰7枝，粉香','206','红色/粉色/紫边康乃馨共6枝，红玫瑰7枝，粉香水百合2枝(5朵)，粉桔梗+叶上黄金+绿叶','有柄花篮一个','载着寓意希望的鲜花驶向快乐幸福的彼岸…… 用途：祝福、感谢、探望、访友','90618.jpg',NULL,0,NULL,NULL,NULL,NULL,NULL),
(260,NULL,7,NULL,2,2,2,'给你我的温柔----戴安娜玫瑰19枝，粉','299','戴安娜玫瑰19枝，粉色康乃馨15枝，紫色洋桔梗3枝，白色洋桔梗5枝，白色相思梅0.3扎，栀子叶0.5','银灰色方形花筒','美好的遇见就是，阳光刚好够，花儿刚好开，我们刚好路过。一切都刚刚好。','90619.jpg',NULL,0,NULL,NULL,NULL,NULL,NULL),
(261,NULL,7,NULL,2,1,2,'好想你----红色康乃馨12枝，白色相思','136','红色康乃馨12枝，白色相思梅2枝，栀子叶0.5扎','内层浅紫/香芋紫人造双面纸，外层蓝色绿色双色人造纸，白绿色粗罗纹带','虽然不能常见面，但思念的种子已经深埋在我心里，让我无时无刻不想你！','90620.jpg',NULL,0,NULL,NULL,NULL,NULL,NULL),
(262,NULL,7,NULL,2,3,2,'妈妈我爱你----粉色康乃馨、粉绣球、香','439','粉色康乃馨13枝、粉绣球1枝、香槟玫瑰9枝、洋牡丹8枝（5月开始洋牡丹已过季，用戴安娜粉玫瑰代替）、','手提花篮一个','清新淡雅满满少女心，愿永不凋零的浪漫，守护她永远曼妙的少女心。','90621.jpg',NULL,0,NULL,NULL,NULL,NULL,NULL),
(263,NULL,7,NULL,5,2,2,'暖暖情意----粉色康乃馨66枝','336','粉色康乃馨66枝、栀子叶2扎、白色石竹梅0.5扎','白色雪梨纸2张、浅紫香芋紫人造纸2米、灰色粉色缎带各1.5米，外层0pp英文玻璃纸1.5米','无限的眷恋，来源于爱的温暖，只为能靠在您的臂弯，说声，谢谢','90622.jpg',NULL,0,NULL,NULL,NULL,NULL,NULL),
(264,NULL,7,NULL,2,2,2,'温馨思念----红色康乃馨19枝，戴安娜','245','红色康乃馨19枝，戴安娜粉玫瑰11枝，栀子叶1扎','蓝灰色绝色纸2张，雪梨纸1张，粉色缎带1米','你是盛放的康乃馨，扎根在我温暖的心房。','90623.jpg',NULL,0,NULL,NULL,NULL,NULL,NULL),
(265,NULL,7,NULL,2,1,2,'妈妈的爱----红色康乃馨16枝,香槟色','159','红色康乃馨16枝，香槟色桔梗3枝，适量叶上花','内层黄色不织布，外层粉色吊花压纹纸，绿色缎带花结','妈妈的爱很细腻，妈妈的爱很温暖，妈妈的爱无处不在！','90624.jpg',NULL,0,NULL,NULL,NULL,NULL,NULL),
(266,NULL,7,NULL,2,2,2,'真诚祝愿----花篮','288','粉色香水百合3枝，红色康乃馨11枝，天堂鸟2枝，跳舞兰5枝，填充适量红色多头康和香槟色桔梗，散尾葵（','有柄花篮一个（花篮款式以各城市实际出货为准）','所有美丽都源于真挚与坦诚，虽然幸福会转瞬即逝，快乐却能持久，一份诚挚的祝福，一份真诚的问候，愿你快乐每一天！','90625.jpg',NULL,0,NULL,NULL,NULL,NULL,NULL),
(267,NULL,7,NULL,5,2,2,'优雅馨情----紫色康乃馨66枝，粉色多','359','紫色康乃馨66枝，粉色多头康乃馨15枝，栀子叶2扎','粉色opp雾面纸3张、浅紫香芋紫人造纸2张、白咖细条纹罗文带1.5米','“岁月极美，在于它必然的流逝”，唯鲜花带来的美好，家人的爱与温暖永存！','90626.jpg',NULL,0,NULL,NULL,NULL,NULL,NULL),
(268,NULL,7,NULL,2,2,2,'因为爱----粉色康乃馨12枝，紫色桔梗','245','粉色康乃馨12枝，紫色桔梗3枝，粉色香水百合2枝，适量紫色勿忘我搭配','内层白色雪梨纸，外层蓝色单面人造纸，白咖细罗文带','爱经过的时候，感觉像坠入了云端，幸福地快要窒息......好想拥你入怀，轻轻告诉你，我-爱-你！','90627.jpg',NULL,0,NULL,NULL,NULL,NULL,NULL),
(269,NULL,7,NULL,2,2,2,'夏日花园----手提式花篮','298','向日葵5枝，红色康乃馨11枝，蓝色绣球1枝，水竹叶半扎，填充适量石竹梅红豆绿叶（如当地红豆缺货，用相','有柄花篮一个','你的微笑就是我的向日葵，像夏日碧空一尘不染，有你陪伴的日子是最幸福的时光，那一刻你就是我心中最爱！','90628.jpg',NULL,0,NULL,NULL,NULL,NULL,NULL),
(270,NULL,8,NULL,1,2,2,'青青子衿----白色多头香水百合6枝','280','白色多头香水百合6枝，澳州腊梅做点缀','咖啡色条纹纸，牛皮纸，拉菲草','“青青子衿，悠悠我心。”你在我的心里 是如此的超凡脱俗 我喜欢你 也为你祝福 祝福你开在最美丽的地方','90701.jpg',NULL,0,NULL,NULL,NULL,NULL,NULL),
(271,NULL,8,NULL,1,1,2,'心花怒放----粉香水百合5枝','198','多头粉香水百合5枝，搭配适量叶上花','内层银灰色厚棉纸，外层深蓝色条纹纸，银灰色缎带花结','每一颗心都是一束美丽的花，跟随你的心，寻找真正的快乐，将热情发自内心怒放。','90702.jpg',NULL,0,NULL,NULL,NULL,NULL,NULL),
(272,NULL,8,NULL,2,2,2,'爱是唯一----雪山白玫瑰11枝、白百合','296','雪山白玫瑰11枝、白百合3枝、银叶菊0.5扎、栀子叶2枝','蓝灰色绝色纸1张，灰色雾面纸1张，白蓝细纹罗文带1米、60#大号魔力铁山灰包装盒','我把你当作我的空气，捧你在我手心，在爱的纯净世界，你就是我唯一，我唯一爱的就是你！','90703.jpg',NULL,0,NULL,NULL,NULL,NULL,NULL),
(273,NULL,8,NULL,1,2,2,'好时光----粉色香水百合4枝，苏醒粉玫','239','粉色香水百合4枝，苏醒粉玫瑰9枝，搭配适量迷你菊、叶上花','内层黄色不织布，外层浅紫/香芋紫人造不织布，玻璃纸，白咖罗纹带','有一段走过的路我不会忘，有一个爱过的人放在心上，有一个追逐的梦叫做理想，过去那一场美好时光，我会好好珍藏！','90704.jpg',NULL,0,NULL,NULL,NULL,NULL,NULL),
(274,NULL,8,NULL,4,2,2,'甜蜜物语','368','黛安娜粉玫瑰33枝，粉色香水百合3枝，搭配适量粉色勿忘我','浅紫／香芋紫人造纸，白色雪梨纸，粉色吊花压纹纸，白蓝细罗纹带','轻轻关上我的眼睛，整个心里都是你，希望真爱被你感应。','90705.jpg',NULL,0,NULL,NULL,NULL,NULL,NULL),
(275,NULL,8,NULL,2,2,2,'阳光心情','339','10枝多头黄百合,黄莺适量搭配','蓝色平面纸圆形包装，拉菲草束扎','想着 我们曾一起跨过海边，想着 我们曾一起晒太阳。想着 我们曾一起坐着小火车,想着 我们曾手牵手走过曾经。此刻，我的心情，一如阳光般温暖！','90706.jpg',NULL,0,NULL,NULL,NULL,NULL,NULL),
(276,NULL,8,NULL,2,3,2,'熊抱花束」聆听你','519','红色康乃馨19枝、粉色绣球1枝、白百合5枝、红玫瑰11枝、粉色洋桔梗4枝、红色朱蕉叶5枝、绿色朱蕉叶','黑色雪梨纸3张、绿色条纹纸12张、棕色丝带4米','她曾总是对你唠叨，和她离别后，才发现那些废话是世界上最暖的牵挂！','90707.jpg',NULL,0,NULL,NULL,NULL,NULL,NULL),
(277,NULL,8,NULL,3,2,2,'温暖的时光','386','香槟玫瑰29枝，粉色香水百合3枝，叶上花3枝','黄色绿色双面人造纸，白咖细罗纹带花结','在阳光温暖的街道上，在不知不觉的一瞬间，又想起你，你像鲜花那样的绽放，让我心动。','90708.jpg',NULL,0,NULL,NULL,NULL,NULL,NULL),
(278,3,2,4,1,1,3,'清明节花束B','192','白玫瑰9枝+白香水百合2枝，白菊或白康乃馨点缀，配绿色叶材','白色平面纸2张单面包装，白色纱花结',NULL,'40001.jpg',0,0,NULL,NULL,NULL,NULL,NULL),
(279,3,2,4,2,1,3,'清明节花束A','156','12枝白色玫瑰','塑料纸包装',NULL,'40002.jpg',0,0,NULL,NULL,NULL,NULL,NULL),
(280,3,8,4,2,2,3,'清明节花束追忆','226','白菊6枝，白玫瑰6枝，白百合3枝（多头）','浅灰色皱纹纸圆形包装，白色丝带束扎',NULL,'40003.jpg',0,0,NULL,NULL,NULL,NULL,NULL),
(281,3,8,4,2,1,3,'清明节花束','185','铁炮百合12朵，适量绿色叶材','白色棉纸内衬、绿色平面纸单面包装',NULL,'40004.jpg',1,0,NULL,NULL,NULL,NULL,NULL),
(282,3,8,4,5,2,3,'瑶寄相思','338','30枝白菊，30枝白康乃馨，2枝天堂鸟，2枝白百合，2扎\r\n 勿忘我，鱼尾叶、蓬莱松丰满搭配。','圆形花圈','适用场合：哀悼','40005.jpg',0,0,NULL,NULL,NULL,NULL,NULL),
(283,3,2,4,2,4,3,'无限哀思','750','8枝绿掌，8枝百合，白太阳花，黄色和白色的玫瑰，点缀\r\n 白色小翠菊和丰富叶材 ','高约150公分，直径约100公分的丧事花圈，中间装饰白色大法国结。','适用场合：丧事','40006.jpg',0,0,NULL,NULL,NULL,NULL,NULL),
(284,3,8,4,1,4,3,'悼念','649','外层：白菊围成四圈；中间：绿掌2枝、白香水百合6朵、\r\n 白菊搭配；勿忘我、散尾叶、针叶等叶材适量。','圆形哀思花圈（直径1米）','适用场合：哀悼','40007.jpg',NULL,0,NULL,NULL,NULL,NULL,NULL),
(285,6,7,4,2,1,3,'母爱','178','紫红色康乃馨9枝，粉色多头康乃馨10枝','白色雪梨纸，香芋紫人造纸，粉色opp雾面纸，白蓝罗纹带花结\r\n','没你疼爱我怎么生活，没你抚养我怎能长大，你给了我青春的年华，自己却满头白发，不负青春年华，是对你最好的报答！\r\n','30010.jpg',NULL,0,NULL,NULL,NULL,NULL,NULL),
(286,6,7,4,2,1,3,'幸福绽放','166','粉色康乃馨19枝，搭配适量石竹梅、紫色勿忘我、栀子叶','内层紫红色不织布，外层粉色白牛皮纸，玫红色缎带花结','携带一束鲜花来到您的身旁，花儿浓缩了我对您的祝福，您在我的心里永远美丽、漂亮！','30011.jpg',NULL,0,NULL,NULL,NULL,NULL,NULL),
(287,6,7,4,4,3,3,'妈妈我爱你','439','粉色康乃馨13枝、粉绣球1枝、香槟玫瑰9枝、洋牡丹8枝（5月开始洋牡丹已过季，用戴安娜粉玫瑰代替）、','手提花篮一个','清新淡雅满满少女心，愿永不凋零的浪漫，守护她永远曼妙的少女心。','30012.jpg',NULL,0,NULL,NULL,NULL,NULL,NULL),
(288,6,7,4,6,2,3,'幸福万年长','379','红色康乃馨66枝，搭配白边紫色多头康乃馨15枝，栀子叶2扎\r\n','蓝灰色绝色纸2张，墨绿色条纹纸2张，玻璃纸1.5米，白绿粗条纹罗文带1.5米','家是什么?有人说家是倦鸟归来的巢，家是小船避风的港......有爱有家，幸福万年长。','30013.jpg',NULL,0,NULL,NULL,NULL,NULL,NULL),
(289,6,7,4,3,3,3,'魅力绽放','520','粉色康乃馨9枝、粉色多头康乃馨5枝、大花蕙兰1枝、粉色绣球2枝、澳洲腊梅3枝、浅紫色洋桔梗3枝，绿色','浅紫香芋人造纸4张，白蓝细条纹罗文带1米','花开静谧，魅力绽放！','30014.jpg',NULL,0,NULL,NULL,NULL,NULL,NULL),
(290,6,7,4,4,3,3,'熊抱花束','519','红色康乃馨19枝、粉色绣球1枝、白百合5枝、红玫瑰11枝、粉色洋桔梗4枝、红色朱蕉叶5枝、绿色朱蕉叶','黑色雪梨纸3张、绿色条纹纸12张、棕色丝带4米','她曾总是对你唠叨，和她离别后，才发现那些废话是世界上最暖的牵挂！','30015.jpg',NULL,0,NULL,NULL,NULL,NULL,NULL),
(291,7,1,4,3,1,3,'爱的思念','196','红玫瑰12枝，红色康乃馨12枝，填充红豆、绿叶适量（如当地红豆缺货，用相思梅等其他寓意相近配材替代。','有柄花篮一个，墨绿色缎带花结一个（花篮款式以各城市实际出货为准）','爱的思念绵延不绝，终于和天在地平线上交汇......有一种很玄的东西叫思念，思念是是甜蜜，夹杂着淡淡苦涩，被人思念，也是一种被爱的幸福。','20002.jpg',NULL,0,NULL,NULL,NULL,NULL,NULL),
(292,7,7,4,2,2,3,'水果花篮-欣喜','289','粉香水百合1枝,向日葵2枝,粉玫瑰2枝,红色扶郎9枝, 粉色康乃馨+红色康乃馨间插,中间剑叶,绿叶适','藤编有柄花篮（花篮样式依城市不同有所差异，以当地出货为准）,粉色花结一个','满满的水果，盛开的花朵,带来温馨的祝福。','20011.jpg',NULL,0,NULL,NULL,NULL,NULL,NULL),
(293,7,1,4,2,2,3,'苏醒的温柔','339','苏醒玫瑰12枝、白百合3枝、银叶菊0.5扎、粉色多头康乃馨5枝。火龙果2个、香蕉1串、苹果3个。','黑色果篮1个（花篮样式依城市不同稍有差异，以当地出货为准）','阳光下的晴朗世界，那温柔的春风已苏醒！','20014.jpg',NULL,0,NULL,NULL,NULL,NULL,NULL),
(294,1,2,3,4,3,3,'甜美公主','450','各色玫瑰共36枝：白玫瑰22枝，粉佳人粉玫瑰14枝；粉色桔梗5枝，尤加利0.5扎','绿色/浅绿色双面人造纸，白咖罗纹带花结','再多一点点距离，我就能靠近你。清晰甜美的空气里，爱你到不能呼吸。','10012.jpg',0,0,NULL,NULL,NULL,NULL,NULL),
(295,1,2,3,2,2,3,'月光女神','238','白玫瑰11枝+绿色桔梗5枝，小菊3枝，白色石竹梅4枝，尤加利0.5扎','灰色雾面纸，白绿细罗纹带','那些芳香迷人的花儿啊，在无边的海水和长长的海岸之间，她将成为我的爱人。','10015.jpg',1,0,NULL,NULL,NULL,NULL,NULL),
(296,1,6,3,2,2,3,'恰似你的温柔','245','高档礼盒装鲜花:香槟玫瑰11枝、深紫色勿忘我0.3扎','素染纸-浅灰2张，雪梨纸0.5张，银灰色logo缎带1米，魔力铁山灰盒(小)','你的温柔似水，静静无言，用心浇灌一份爱，等待最美的时刻绽放。','10021.jpg',0,0,NULL,NULL,NULL,NULL,NULL),
(297,1,6,3,2,2,3,'我只钟情你','284','香槟玫瑰11枝、白色小雏菊3枝、浅紫色勿忘我4枝、栀子叶2枝','米白色平面纸1张、蓝色条纹纸1张、米白色缎带1米、60#大号魔力铁山灰包装盒','香槟玫瑰清新、脱俗，品位独特！让我们乘着芬芳的清风，手牵着手走过四季春秋。','10025.jpg',0,0,NULL,NULL,NULL,NULL,NULL),
(298,1,6,3,2,2,3,'阳光海岸','271','19枝香槟玫瑰，白色石竹梅围绕','英文纸，咖啡色缎带花结','和你手牵手漫步海边，在沙滩上画两颗心，心心相印，永不分离。','10026.jpg',0,0,NULL,NULL,NULL,NULL,NULL),
(299,1,2,3,6,4,3,'初心永不变','629','白玫瑰99枝，栀子叶适量','内层白色雪梨纸，外层牛皮纸，拉菲草缎带花结','最开始的地方，最动心的凝望，谢谢你陪我，在不忘初心的路上！','10028.jpg',1,0,NULL,NULL,NULL,NULL,NULL),
(300,1,4,3,2,1,3,'依靠','166','戴安娜12枝，紫色桔梗5枝，粉色勿忘我3枝，栀子叶0.5扎','粉色opp雾面纸，蓝灰色绝色纸，白绿罗纹带','做你的男人二十四个小时不睡觉，让胆小的你在黑夜中也会有个依靠。','10031.jpg',1,0,NULL,NULL,NULL,NULL,NULL),
(301,1,8,3,1,2,3,'青青子衿','288','白色多头香水百合6枝，澳州腊梅做点缀','咖啡色条纹纸，牛皮纸，拉菲草','“青青子衿，悠悠我心”','10035.jpg',1,0,NULL,NULL,NULL,NULL,NULL),
(302,1,5,3,2,2,3,'浪漫香气','208','11枝冷美人紫玫瑰，粉百合2枝，白色相思梅5枝，栀子叶0.5扎','浅紫香芋紫人造纸2张，米白色缎带1.5米','你是我所有浪漫的源头，没有你，我便不再浪漫。','10038.jpg',1,0,NULL,NULL,NULL,NULL,NULL),
(303,4,8,3,2,2,3,'向阳的温暖','368','向日葵3枝，绿色康乃馨8枝，白百合2枝，栀子叶4枝，白色相思梅2枝','魔力铁山灰盒(60#)，英文报纸2张，绿色粗条纹罗文带1米','心若向阳，必生温暖。采用礼盒装，稳重大方，特别适合送父亲、男性朋友及客户、同事。','70008.jpg',0,0,NULL,NULL,NULL,NULL,NULL),
(304,5,8,3,3,6,3,'开业大吉（双花篮）','1299','粉百合七枝，粉色剑兰一扎，红色非洲菊两扎，黄色太阳花一扎，栀子叶五扎，散尾叶一扎，天堂鸟三枝，米兰叶','花篮以实际为主','以红色为喜庆主调，寓意红红火火，兴旺发达。','60001.jpg',1,0,NULL,NULL,NULL,NULL,NULL),
(305,5,1,3,4,5,3,'开业花篮E款','888','40枝红玫瑰，深蓝绣球3个，红色多头玫1扎，红色千代兰1扎，粉色洋桔梗1扎，红掌5片，红色朱蕉叶1扎','大红色、宝蓝色缎带各4米，木质三角架','财源滚滚进，客似云般来','60002.jpg',1,0,NULL,NULL,NULL,NULL,NULL),
(306,5,NULL,3,2,5,3,'开业花篮D款','899','开业花篮:向日葵13枝，粉色绣球4枝，蓝色绣球2枝，跳舞兰8枝，搭配龟背叶、尤加利适量','木质三角架','前程如精致的锦绣一样，未来势必十分美好。','60003.jpg',1,0,NULL,NULL,NULL,NULL,NULL),
(307,5,NULL,3,4,2,3,'开业花篮C款','388','开业花篮:黄、橙、粉三色扶郎花共35枝，跳舞兰1扎（10枝），搭配散尾葵、栀子叶','木质三角架','前程如精致的锦绣一样，未来势必十分美好。','60004.jpg',1,0,NULL,NULL,NULL,NULL,NULL),
(308,5,5,3,5,5,3,'开业花篮B款','899','开业花篮:紫色紫罗兰9枝，粉色绣球2枝，蓝色绣球3枝，粉佳人玫瑰12枝，紫玫瑰15枝，紫色桔梗6枝，','木质三角架','前程如精致的锦绣一样，未来势必十分美好。','60005.jpg',1,0,NULL,NULL,NULL,NULL,NULL),
(309,5,8,3,2,3,3,'兴业长新','588','开业花篮: 天堂鸟5枝，红掌6枝，粉色桔梗1扎半，绿色桔梗半扎，粉色香水百合3枝，散尾葵1扎，龟背叶','木质三角架一个，红色缎带花结一个','前程如精致的锦绣一样，未来势必十分美好。','60006.jpg',1,0,NULL,NULL,NULL,NULL,NULL),
(310,5,8,3,1,3,3,'前程似锦','456','开业花篮: 粉色桔梗1扎半，绿色桔梗半扎，红掌6枝，粉色香水百合3枝，散尾葵1扎，龟背5片','双层花架一个，红色缎带花结一个，粉色棉纸包裹','前程如精致的锦绣一样，未来势必十分美好。','60007.jpg',1,0,NULL,NULL,NULL,NULL,NULL),
(311,5,8,3,3,2,3,'鸿运高照','389','开业花篮: 红色太阳花2扎，粉色香水百合3枝，粉色金鱼草5枝，戴安娜玫瑰11枝，石竹梅半扎，散尾葵半','两层花架一个，金箔纸包裹','开业花篮，适合开业庆典，乔迁，祝贺。','60008.jpg',1,0,NULL,NULL,NULL,NULL,NULL),
(312,5,8,3,5,2,3,'吉星高照','369','开业花篮: 红橙两色太阳花共40枝，粉色香水百合7枝，粉色金鱼草5枝，散尾葵半扎，填充适量绿叶','三层花架一个，粉色棉纸包裹','开业花篮，适合开业庆典，乔迁，祝贺。','60009.jpg',1,0,NULL,NULL,NULL,NULL,NULL),
(313,5,8,3,4,2,3,'骏业崇隆','279','开业花篮: 三色太阳花30枝，粉色香水百合8朵，散尾葵半扎，填充适量黄莺','双层花架一个，粉色棉纸包裹','开业花篮，适合开业庆典，乔迁，祝贺。','60010.jpg',1,0,NULL,NULL,NULL,NULL,NULL),
(314,5,8,3,4,2,3,'骏业肇兴','268','开业花篮: 三色太阳花36枝，粉色香水百合6朵，散尾葵半扎，填充黄莺适量','三层花架一个，粉色棉纸包裹','开业花篮，适合开业庆典，乔迁，祝贺。','60011.jpg',1,0,NULL,NULL,NULL,NULL,NULL),
(315,5,4,3,5,2,3,'开张大吉','398','开业花篮: 粉玫瑰18枝，三色太阳花（红、橙、黄）共45枝，百合4朵，散尾葵半扎，填充适量多头粉色康','三层花蓝','开业花篮，适合开业庆典，乔迁，祝贺。','60012.jpg',1,0,NULL,NULL,NULL,NULL,NULL),
(316,5,NULL,3,1,3,3,'会议桌花H款','498','蓝紫色绣球1枝、粉色绣球2枝、白色洋兰1扎、粉色紫色桔梗各半扎、搭配龟背、高山羊齿、尤加利叶、银叶菊','圆形花插一只，花泥，尺寸约45cm*90cm','花卉点缀生活，美化庆典，烘托会议，增添亮丽。以上桌花可广泛使用在会议桌、迎宾台面和宴桌上。','60013.jpg',1,0,NULL,NULL,NULL,NULL,NULL),
(317,5,8,3,3,2,3,'会议桌花G款','369','多头粉色香水百合3枝、红色太阳花15枝、绿色桔梗8枝、红豆1扎、搭配龟背叶、尤加利叶','圆形花插一只，花泥；尺寸约：45cm*90cm','花卉点缀生活，美化庆典，烘托会议，增添亮丽。以上桌花可广泛使用在会议桌、迎宾台面和宴桌上。','60014.jpg',1,0,NULL,NULL,NULL,NULL,NULL),
(318,5,2,3,5,3,3,'会议桌花F款','469','多头粉色香水百合4枝，白玫瑰12枝，绿色康乃馨16枝，白色洋兰10枝，紫色小雏菊7枝，搭配龟背叶、高','圆形花插一只，花泥，尺寸约45cm*90cm','花卉点缀生活，美化庆典，烘托会议，增添亮丽。以上桌花可广泛使用在会议桌、迎宾台面和宴桌上。','60015.jpg',1,0,NULL,NULL,NULL,NULL,NULL),
(319,5,2,3,2,2,3,'春日','238','绿掌2枝，蕾丝3枝、桔叶2枝，水竹叶0.5扎、白玫瑰5枝、银叶菊4枝、栀子叶0.3扎。','大号玻璃方缸','春日如歌，温柔缱绻。适用于公司前台、办公桌、会议桌及公司装饰摆设等用途。','60016.jpg',1,0,NULL,NULL,NULL,NULL,NULL),
(320,5,7,3,1,2,3,'芳菲','238','天堂鸟3枝、水竹叶0.3扎、百合1枝、粉色多头康乃馨3枝、小绿菊3枝、栀子叶0.5扎','大号玻璃方缸','人间四月,芳菲华年。 适用于公司前台、办公桌、会议桌及公司装饰摆设等用途。','60017.jpg',1,0,NULL,NULL,NULL,NULL,NULL),
(321,5,NULL,3,2,2,3,'向阳','269','向日葵5枝、绿小菊3枝、紫桔梗3枝，栀子叶0.5扎，水竹叶0.5扎','大号玻璃方缸','希望你是那纯洁的向阳花，在这美丽的、艰辛的生命中，坚强地、灿烂地绽放！适用于公司前台、办公桌、会议桌及公司装饰摆设等用途。','60018.jpg',1,0,NULL,NULL,NULL,NULL,NULL),
(322,5,2,3,2,2,3,'简单与初夏','238','白雪山玫瑰9枝、蓝绣球1枝、紫桔梗4枝、银叶菊5枝、栀子叶0.5扎','中号玻璃方缸','迎着风迎着花香,看见初夏看见你。','60019.jpg',1,0,NULL,NULL,NULL,NULL,NULL),
(323,5,NULL,3,4,2,3,'暖春','235','粉色非洲菊16枝、银叶菊10枝、尤加利叶3枝、粉色小雏菊8枝','中号玻璃方缸','当第一朵花盛开枝头，当第一场雨唤醒万物朦胧，迎着那暖暖春风，吹散了忧愁，吹来了久违的温柔。适用于公司前台、办公桌、会议桌及公司装饰摆设等用途。','60020.jpg',1,0,NULL,NULL,NULL,NULL,NULL),
(324,6,6,3,2,1,3,'恋恋情深','199','11枝香槟玫瑰，白百合2枝，栀子叶0.5扎','深浅绿双面人造纸2张，米白色缎带1.5米','喜欢像是一阵风，而爱你是细水长流','30020.jpg',NULL,0,NULL,NULL,NULL,NULL,NULL),
(325,6,6,3,3,2,3,'我只钟情你','239','香槟玫瑰11枝、白色小雏菊3枝、浅紫色勿忘我4枝、栀子叶2枝','米白色平面纸1张、蓝色条纹纸1张、米白色缎带1米、60#大号魔力铁山灰包装盒','香槟玫瑰清新、脱俗，品位独特！让我们乘着芬芳的清风，手牵着手走过四季春秋。','30021.jpg',NULL,0,NULL,NULL,NULL,NULL,NULL),
(326,6,2,3,5,2,3,'三彩的季节','399','玫瑰50枝（香槟玫瑰15枝，苏醒玫瑰18枝，白玫瑰17枝），搭配银叶菊6枝、相思梅6枝','墨绿色素染纸4张，英文玻璃纸2张，米白色/银灰色缎带各2米','在这多彩的季节里，编首歌唱给自己，拥抱那朝阳让希望飘扬。','30022.jpg',NULL,0,NULL,NULL,NULL,NULL,NULL),
(327,6,3,3,4,2,3,'阳光灿烂','308','向日葵3枝、金枝玉叶黄玫瑰19枝、白色石竹梅5枝、绿色小雏菊2枝、栀子叶5枝','英文牛皮报纸2张、白蓝细条纹罗文带1米','阳光灿烂的日子，愿你天天有：如花般的灿烂笑容，如花般的缤纷心情！','30023.jpg',NULL,0,NULL,NULL,NULL,NULL,NULL),
(328,6,6,3,6,4,3,'恋恋不忘','639','香槟玫瑰99枝，叶上花围绕','内层咖啡色厚棉纸，外层英文报纸，咖啡色缎带花结','有一种幸福，叫美梦成真；有一种幸福，叫终成眷属；有一种幸福，叫恋恋不忘！','30024.jpg',NULL,0,NULL,NULL,NULL,NULL,NULL),
(329,6,4,3,6,3,3,'好幸运','530','粉佳人玫瑰13枝，苏醒玫瑰16枝，粉色扶朗5枝，灯台9枝，尤加利叶10枝','浅紫香芋人造纸4张，粉色opp雾面纸2张，白粉双色缎带','原来你是我最想留住的幸运，与你相遇好幸运！','30025.jpg',NULL,0,NULL,NULL,NULL,NULL,NULL),
(330,7,7,3,2,1,3,'好想你','136','红色康乃馨12枝，白色相思梅2枝，栀子叶0.5扎','内层浅紫/香芋紫人造双面纸，外层蓝色绿色双色人造纸，白绿色粗罗纹带','虽然不能常见面，但思念的种子已经深埋在我心里，让我无时无刻不想你！','20004.jpg',NULL,0,NULL,NULL,NULL,NULL,NULL),
(331,7,4,3,2,2,3,'水果花篮-欣情','348','粉香水百合1枝,红掌1枝,粉玫瑰4枝,粉扶郎4枝, 粉色康乃馨+红色康乃馨间插,巴西叶+绿叶适量; ','藤编有柄花篮（花篮样式依城市不同有所差异，以当地出货为准），粉色网纱+玻璃纸垫底，粉色花结一个','满满的水果，盛开的花朵,带来温馨的祝福。','20008.jpg',NULL,0,NULL,NULL,NULL,NULL,NULL),
(332,7,7,3,2,2,3,'因为爱','245','粉色康乃馨12枝，紫色桔梗3枝，粉色香水百合2枝，适量紫色勿忘我搭配','内层白色雪梨纸，外层蓝色单面人造纸，白咖细罗文带','爱经过的时候，感觉像坠入了云端，幸福地快要窒息。','20010.jpg',NULL,0,NULL,NULL,NULL,NULL,NULL),
(333,7,6,3,3,2,3,'清新的爱','299','向日葵3枝、绿桔梗5枝、香槟玫瑰9枝。橙子3个、菠萝1个、葡萄1串。','黑色果篮1个（花篮样式依城市不同稍有差异，以当地出货为准）','享受生活带来的温暖与诗意，享受每一个充满爱的时刻','20013.jpg',NULL,0,NULL,NULL,NULL,NULL,NULL),
(334,1,1,2,2,2,3,'一往情深','245','高档礼盒装鲜花:19枝红玫瑰，勿忘我适量','牛皮纸和深咖啡色条纹纸，银色缎带花结，魔力铁山灰包装盒','你的轻柔像阵微风，让我从容不迫，想让你知道，我对你始终一往情深。','10003.jpg',0,0,NULL,NULL,NULL,NULL,NULL),
(335,1,6,2,2,1,3,'恋恋情深','199','11枝香槟玫瑰，白百合2枝，栀子叶0.5扎','深浅绿双面人造纸2张，米白色缎带1.5米','喜欢像是一阵风，而爱你是细水长流','10004.jpg',1,0,NULL,NULL,NULL,NULL,NULL),
(336,1,1,2,6,3,3,'不变的承诺','569','99枝红玫瑰','黑色雪梨纸，黑色条纹纸，玻璃纸卷，酒红色缎带花结','下雨的时候，给她撑一把雨伞；寒冷的时候，给她一个温暖的臂弯；天黑了，永远有一盏灯为她点亮；晨起时，给她一缕温暖的阳光。爱她，就送她一束99枝的玫瑰花！','10005.jpg',0,0,NULL,NULL,NULL,NULL,NULL),
(337,1,4,2,2,1,3,'为爱相随','179','多头百合1枝，戴安娜粉玫瑰11枝，搭配适量黄莺、满天星','内层淡紫色棉纸，外层粉色牛油瓦楞纸，紫红色缎带花结','你若不离，我必不弃。爱情是历经风雨的双手紧握；是一路同行的相濡以沫。','10010.jpg',1,0,NULL,NULL,NULL,NULL,NULL),
(338,1,1,2,4,3,3,'爱在心头','439','戴安娜粉玫瑰19枝，红玫瑰31枝','内层白色纱网，外层粉色白牛皮纸，红粉双色缎带花结','“此情无计可消除，才下眉头，却上心头。”李清照《一剪梅》','10014.jpg',0,0,NULL,NULL,NULL,NULL,NULL),
(339,1,1,2,1,1,3,'真爱','129','红玫瑰9枝，石竹梅4枝，栀子叶0.5扎','内层雪梨纸1张，外层粉色opp雾面纸1.5米，白绿宽罗纹带','我用回忆温暖了想你的每一刻　不让你离我太遥远','10016.jpg',1,0,NULL,NULL,NULL,NULL,NULL),
(340,1,1,2,2,1,3,'缘份','199','11枝红玫瑰,2枝多头白香水百合,黄莺丰满','内层白色雪梨纸 外层深红色牛油平面纸 咖啡色缎带花结','红玫瑰+百合，热烈而馨香，遇到你纯属偶然，谁能说清比缘份更深的东西，我的转身你成了我的风景，有一种惊喜暗藏于心。','10018.jpg',1,0,NULL,NULL,NULL,NULL,NULL),
(341,1,6,2,5,3,3,'天天天晴','590','香槟玫瑰66枝','青灰色双面牛皮纸4张，米白色缎带2米','你有没有发现，只要我们在一起，抬起头就是好天气。','10019.jpg',0,0,NULL,NULL,NULL,NULL,NULL),
(342,1,1,2,2,1,3,'缪斯女神','189','红玫瑰16枝，红豆5枝，粉色桔梗1枝，银叶菊2枝','白色opp雾面纸，黑色opp雾面纸，白咖细罗纹缎带','世间女子有各种类型：有些温婉如诗，有些独立若兰，有些奔放不羁……你是独一无二的落入凡间的美艳缪斯。','10020.jpg',1,0,NULL,NULL,NULL,NULL,NULL),
(343,1,4,2,4,2,3,'淳美之爱','306','戴安娜粉玫瑰33枝，白色相思梅5枝','灰蓝/香芋人造双面纸，豆沙色人造单面纸，白蓝细罗纹带','33朵娇美的粉玫瑰，朴素的包裹着。似乎又回到曾经的纯真岁月，那时的我们自然、淳朴。我对你的爱也一直如此，深沉不虚浮......','10022.jpg',0,0,NULL,NULL,NULL,NULL,NULL),
(344,1,6,2,6,4,3,'恋恋不忘','760','香槟玫瑰99枝，叶上花围绕','内层咖啡色厚棉纸，外层英文报纸，咖啡色缎带花结','有一种幸福，叫美梦成真；有一种幸福，叫终成眷属；有一种幸福，叫恋恋不忘！','10030.jpg',0,0,NULL,NULL,NULL,NULL,NULL),
(345,1,4,2,5,2,3,'甜蜜纪事','399','玫瑰共50枝：红玫瑰11枝、香槟玫瑰19枝、戴安娜粉玫瑰20枝、叶上花10枝','粉色吊花压纹纸3张、玻璃纸1.5米、粉色缎带1.5米','甜蜜幸福从这里起航……','10032.jpg',1,0,NULL,NULL,NULL,NULL,NULL),
(346,1,1,2,2,2,3,'牵手一生','261','红玫瑰19枝，满天星围绕','白色opp雾面纸 浅紫香芋紫人造双面纸 白绿粗罗纹带','19枝红玫瑰寓意：永远爱你此情不渝。想念那条街,想念与你遇见的地方,想念和你的第一次牵手……永远无法忘记这些往昔的喜悦,它将永驻心间！','10034.jpg',0,0,NULL,NULL,NULL,NULL,NULL),
(347,1,1,2,3,4,3,'邂逅浪漫','641','红玫瑰29枝，红色蔷薇10枝，灯台9枝，尤加利叶10枝','黑色opp雾面纸4张，灰色opp雾面纸3张，咖啡色缎带3米','爱是一生浪漫的邂逅，缘份花开在爱的枝头，你的一次回眸就是我的所有，今生注定为你停留。','10036.jpg',0,0,NULL,NULL,NULL,NULL,NULL),
(348,2,1,2,6,3,3,'用心爱你','599','99枝精品玫瑰花束：33枝粉色玫瑰组成的心形居中，66枝红玫瑰环绕，周围满天星点缀','里层粉色纸，外层粉色珠光纱，粉色丝带花结','合计99朵玫瑰，寓意想和你相守，直到天荒地老......\n33枝粉色玫瑰组成的心形居中，你是我三生三世的爱恋；\n66枝红玫瑰环绕，周围满天星点缀，我的爱永远不变！','50001.jpg',0,0,NULL,NULL,NULL,NULL,NULL),
(349,2,1,2,6,3,3,'LOVE 99','569','99枝精品红玫瑰花束，满天星围绕。','里层：网纱多层围绕，外层：红色纸包装，红色缎带花结','99朵靓丽的红玫瑰，献给你的至爱！','50002.jpg',0,0,NULL,NULL,NULL,NULL,NULL),
(350,2,4,2,2,1,3,'为爱相随','179','多头百合1枝，戴安娜粉玫瑰11枝，搭配适量黄莺、满天星','内层淡紫色棉纸，外层粉色牛油瓦楞纸，紫红色缎带花结','你若不离，我必不弃。爱情是历经风雨的双手紧握；是一路同行的相濡以沫。','50003.jpg',0,0,NULL,NULL,NULL,NULL,NULL),
(351,2,1,2,2,1,3,'缘份','199','11枝红玫瑰,2枝多头白香水百合,黄莺丰满','内层白色雪梨纸 外层深红色牛油平面纸 咖啡色缎带花结','红玫瑰+百合，热烈而馨香，遇到你纯属偶然，谁能说清比缘份更深的东西，我的转身你成了我的风景，有一种惊喜暗藏于心。\n','50004.jpg',0,0,NULL,NULL,NULL,NULL,NULL),
(352,2,1,2,2,1,3,'致美丽的你','149','红玫瑰11枝，满天星围绕，栀子叶0.5扎','外层浅灰紫/香芋紫人造纸，里层白色人造单面纸，白绿粗罗纹带','很爱你，想把你捧在手心，放在心里......11枝红玫瑰，寓意一心一意。纵然途中万般风景，我的眼里只有你！\n','50005.jpg',0,0,NULL,NULL,NULL,NULL,NULL),
(353,2,1,2,3,1,3,'依靠','166','戴安娜12枝，紫色桔梗5枝，粉色勿忘我3枝，栀子叶0.5扎','粉色opp雾面纸，蓝灰色绝色纸，白绿罗纹带','做你的男人二十四个小时不睡觉，让胆小的你在黑夜中也会有个依靠。\n','50006.jpg',0,0,NULL,NULL,NULL,NULL,NULL),
(354,2,1,2,2,2,3,'牵手','219','红玫瑰19枝，满天星围绕','白色opp雾面纸 浅紫香芋紫人造双面纸 白绿粗罗纹带','19枝红玫瑰寓意：永远爱你此情不渝。想念那条街,想念与你遇见的地方,想念和你的第一次牵手……永远无法忘记这些往昔的喜悦,它将永驻心间！\n','50007.jpg',0,0,NULL,NULL,NULL,NULL,NULL),
(355,2,8,2,1,2,3,'青青子衿','280','白色多头香水百合6枝，澳州腊梅做点缀','咖啡色条纹纸，牛皮纸，拉菲草','“青青子衿，悠悠我心。”\n你在我的心里\n是如此的超凡脱俗\n我喜欢你\n也为你祝福\n祝福你开在最美丽的地方\n','50008.jpg',0,0,NULL,NULL,NULL,NULL,NULL),
(356,2,4,2,6,4,3,'嫁给我吧','639','戴安娜粉玫瑰108枝','浅灰色素染纸6张，白蓝细条纹罗文带2米','108朵玫瑰，每一朵都在细诉无尽的爱，每一朵都是我在对你说：“嫁给我吧！”\n','50009.jpg',0,0,NULL,NULL,NULL,NULL,NULL),
(357,2,1,2,6,4,3,'永恒的爱情','659','红玫瑰99枝，各色洋桔梗，腊梅、叶上花适量至花束饱满','长春藤白色压纹纸，灰色不织布，酒红色缎带蝴蝶结','“世界上万物也许会消亡，永恒的爱情天长地久。”巴基斯坦的民歌《永恒的爱情》，唱出了爱的真谛，也唱出了世界人民共同的心声。\n','50010.jpg',0,0,NULL,NULL,NULL,NULL,NULL),
(358,2,2,2,3,2,3,'海洋之心','296','白玫瑰29枝','宝蓝色中条纹纸,白色平面纸，米色缎带蝴蝶结','无际的蓝色大海，轻轻地泛起白色的浪花，这是在诉说心事，带着远离喧嚣城市的亲切、温婉和单纯，就像是亲密恋人之间的耳语。\n','50011.jpg',0,0,NULL,NULL,NULL,NULL,NULL),
(359,2,7,2,2,2,3,'因为爱','245','粉色康乃馨12枝，紫色桔梗3枝，粉色香水百合2枝，适量紫色勿忘我搭配','内层白色雪梨纸，外层蓝色单面人造纸，白咖细罗文带','爱经过的时候，感觉像坠入了云端，幸福地快要窒息......\n好想拥你入怀，轻轻告诉你，我-爱-你！\n','50012.jpg',0,0,NULL,NULL,NULL,NULL,NULL),
(360,2,6,2,2,2,3,'浪漫满屋','209','香槟玫瑰11支，浅蓝色绣球1枝，叶上花及美女樱适量至花束饱满','牛皮纸，咖啡色条纹纸，咖啡色缎带蝴蝶结','“以后别提冰激凌，再也不吃。以后给我买玫瑰吧，就要玫瑰。”“玫瑰很贵的。”如果可以，让心一起住在《浪漫满屋》（韩剧）里，去开开心心、活蹦乱跳的谈情说爱。\n','50013.jpg',0,0,NULL,NULL,NULL,NULL,NULL),
(361,6,1,2,2,1,3,'一心一意','139','红玫瑰11枝，粉色(或者紫色）勿忘我0.3扎，栀子叶适量搭配','内层白色雾面纸，外层牛皮纸,咖啡色花结','11枝玫瑰，寓意一心一意！\r\n有情之人，天天是节。一句寒暖，一线相喧；一句叮咛，一笺相传；一份相思，一心相盼；一份爱意，一生相恋。\r\n','30001.jpg',NULL,0,NULL,NULL,NULL,NULL,NULL),
(362,6,1,2,2,2,3,'一往情深','245','高档礼盒装鲜花:19枝红玫瑰，勿忘我适量','牛皮纸和深咖啡色条纹纸，银色缎带花结，魔力铁山灰包装盒','你的轻柔像阵微风，让我从容不迫，想让你知道，我对你始终一往情深。\r\n','30002.jpg',NULL,0,NULL,NULL,NULL,NULL,NULL),
(363,6,2,2,4,2,3,'甜美公主','378','各色玫瑰共36枝：白玫瑰22枝，粉佳人粉玫瑰14枝；粉色桔梗5枝，尤加利0.5扎','绿色/浅绿色双面人造纸，白咖罗纹带花结','再多一点点距离，我就能靠近你。清晰甜美的空气里，爱你到不能呼吸。\r\n','30003.jpg',NULL,0,NULL,NULL,NULL,NULL,NULL),
(364,6,4,2,4,2,3,'爱的小确幸','308','戴安娜粉玫瑰21枝，粉色桔梗5枝，石竹梅7枝','57#魔力铁山灰包装盒','一个人有一种幸福，爱是最简单的音符，啦啦啦~微小确定的幸福！\r\n','30004.jpg',NULL,0,NULL,NULL,NULL,NULL,NULL),
(365,6,1,2,6,3,3,'不变的承诺','569','99枝红玫瑰','黑色雪梨纸，黑色条纹纸，玻璃纸卷，酒红色缎带花结','下雨的时候，给她撑一把雨伞；寒冷的时候，给她一个温暖的臂弯；天黑了，永远有一盏灯为她点亮；晨起时，给她一缕温暖的阳光。爱她，就送她一束99枝的玫瑰花！\r\n','30005.jpg',NULL,0,NULL,NULL,NULL,NULL,NULL),
(366,6,1,2,6,3,3,'LOVE 99','569','99枝精品红玫瑰花束，满天星围绕。','里层：网纱多层围绕，外层：红色纸包装，红色缎带花结','99朵靓丽的红玫瑰，献给你的至爱！','30006.jpg',NULL,0,NULL,NULL,NULL,NULL,NULL),
(367,7,7,2,3,2,3,'真诚祝愿','288','粉色香水百合3枝，红色康乃馨11枝，天堂鸟2枝，跳舞兰5枝，填充适量红色多头康和香槟色桔梗，散尾葵（','有柄花篮一个（花篮款式以各城市实际出货为准）','所有美丽都源于真挚与坦诚，虽然幸福会转瞬即逝，快乐却能持久，一份诚挚的祝福，一份真诚的问候，愿你快乐每一天！','20003.jpg',NULL,0,NULL,NULL,NULL,NULL,NULL),
(368,7,7,2,2,2,3,'夏日花园','298','向日葵5枝，红色康乃馨11枝，蓝色绣球1枝，水竹叶半扎，填充适量石竹梅红豆绿叶（如当地红豆缺货，用相','有柄花篮一个','你的微笑就是我的向日葵，像夏日碧空一尘不染，有你陪伴的日子是最幸福的时光，那一刻你就是我心中最爱！','20006.jpg',NULL,0,NULL,NULL,NULL,NULL,NULL),
(369,7,4,2,1,2,3,'水果花篮-温馨祝福','266','粉香水百合1枝,粉玫瑰8枝, 粉康+紫康+紫边康乃馨间插,巴西叶和其他绿叶适量; 进口橙子3个,红富','藤编有柄花篮，粉色花结一个（花篮样式依城市不同有所差异，以当地出货为准）','满满的水果，盛开的花朵,带来温馨的祝福。','20007.jpg',NULL,0,NULL,NULL,NULL,NULL,NULL),
(370,7,8,2,2,2,3,'欣欣向荣','279','红掌2枝,多头粉香水百合2枝(5朵)，红太阳花3枝,红康乃馨5枝,粉康乃馨5枝,紫罗兰3枝，巴西叶+','有柄花篮一个','载着寓意希望的鲜花驶向快乐幸福的彼岸。','20012.jpg',NULL,0,NULL,NULL,NULL,NULL,NULL),
(371,1,1,1,1,3,3,'忘情巴黎','298','33枝红玫瑰，石竹梅围绕','黑色条纹纸，红色缎带花结','只想和你忘掉一切烦恼，尽情沉醉在最浪漫的气氛中。','10001.jpg',1,0,NULL,NULL,NULL,NULL,NULL),
(372,1,1,1,2,1,3,'一心一意','165','红玫瑰11枝，粉色(或者紫色）勿忘我0.3扎，栀子叶适量搭配','内层白色雾面纸，外层牛皮纸,咖啡色花结','11枝玫瑰，寓意一心一意！有情之人，天天是节。一句寒暖，一线相喧；一句叮咛，一笺相传；一份相思，一心相盼；一份爱意，一生相恋','10002.jpg',NULL,0,NULL,NULL,NULL,NULL,NULL),
(373,1,4,1,4,2,3,'眷念','355','戴安娜粉玫瑰33枝，石竹梅围绕','内层银灰色厚棉纸，外层豌豆花压纹纸，紫红色缎带花结','怒放的生命中，缘分让我们相守，万花丛中，只为寻到你那惊艳万芳的容颜，今生今世，值得我去爱的仅仅是你，你就是我最大的眷念。','10006.jpg',0,0,NULL,NULL,NULL,NULL,NULL),
(374,1,1,1,5,4,3,'用心爱你','713','99枝精品玫瑰花束：33枝粉色玫瑰组成的心形居中，66枝红玫瑰环绕，周围满天星点缀','里层粉色纸，外层粉色珠光纱，粉色丝带花结','合计99朵玫瑰，寓意想和你相守，直到天荒地老......33枝粉色玫瑰组成的心形居中，你是我三生三世的爱恋；66枝红玫瑰环绕，周围满天星点缀，我的爱永远不变！ ','10007.jpg',0,0,NULL,NULL,NULL,NULL,NULL),
(375,1,4,1,1,1,3,'你的香气','139','黛安娜玫瑰9枝，浅紫色勿忘我适量','白色雪梨纸，浅紫／香芋紫人造纸，豆沙色缎带花结','花开的季节，我迷恋你的香气，那是我思念的味道！','10008.jpg',0,0,NULL,NULL,NULL,NULL,NULL),
(376,1,2,1,2,2,3,'真爱如初','245','高档礼盒装鲜花:雪山玫瑰11枝、深紫色勿忘我0.3扎','素染纸-浅灰2张，雪梨纸0.5张，银灰色logo缎带1米，魔力铁山灰盒(小)','用一袭白裙装扮你那无瑕的身姿，向一抹白云倾诉对你的思念，用一捧鲜花证明我不变的心。','10009.jpg',0,0,NULL,NULL,NULL,NULL,NULL),
(377,1,4,1,3,2,3,'爱的小确幸','308','戴安娜粉玫瑰21枝，粉色桔梗5枝，石竹梅7枝','57#魔力铁山灰包装盒','一个人有一种幸福，爱是最简单的音符，啦啦啦~微小确定的幸福！','10011.jpg',1,0,NULL,NULL,NULL,NULL,NULL),
(378,1,1,1,6,3,3,'LOVE 99','569','99枝精品红玫瑰花束，满天星围绕。','里层：网纱多层围绕，外层：红色纸包装，红色缎带花结','99朵靓丽的红玫瑰，献给你的至爱！','10013.jpg',1,0,NULL,NULL,NULL,NULL,NULL),
(379,1,4,1,5,3,3,'不变的心','559','戴安娜玫瑰66枝 勿忘我适量围绕','内层粉色厚棉纸 外层银灰色短平板印花树叶草 粉紫双色缎带','爱上你是我今生最大的幸福，想你是我最甜蜜的痛苦，和你在一起是我的骄傲。没有你，我就像一只迷失了方向的船。','10017.jpg',0,0,NULL,NULL,NULL,NULL,NULL),
(380,1,4,1,6,3,3,'幸福久久','569','戴安娜粉玫瑰99枝，栀子叶适量','内层白色opp雾面纸，外层白底黑边纸，米白色缎带花结','阳光轻抚着你的脸，忘不了那唯美的画面；你给我的拥抱，加速了我心跳，幸福这般美好！','10023.jpg',0,0,NULL,NULL,NULL,NULL,NULL),
(381,1,1,1,2,1,3,'致美丽的你','149','红玫瑰11枝，满天星围绕，栀子叶0.5扎','外层浅灰紫/香芋紫人造纸，里层白色人造单面纸，白绿粗罗纹带','很爱你，想把你捧在手心，放在心里......11枝红玫瑰，寓意一心一意。纵然途中万般风景，我的眼里只有你！','10024.jpg',1,0,NULL,NULL,NULL,NULL,NULL),
(382,1,1,1,4,2,3,'三生三世','299','33枝红玫瑰','黑色雪梨纸，黑色条纹纸，玻璃纸卷，酒红色缎带花结','遇见你的眉眼，如清风明月；顾盼流连，如时光搁浅，是重逢，亦如初见；你的喜悲忧乐我全都预见，三千繁花只为你一人留恋。','10027.jpg',1,0,NULL,NULL,NULL,NULL,NULL),
(383,1,4,1,2,1,3,'假日公主','181','戴安娜粉玫瑰11枝，搭配混色石竹梅、栀子叶','粉色白牛皮纸，米白色平面纸，粉色缎带花结','你会邂逅公主，闪耀你自己的蓝宝石，去亲吻她的唇。','10033.jpg',0,0,NULL,NULL,NULL,NULL,NULL),
(384,1,1,1,4,2,3,'秘密花园','368','高档礼盒装鲜花:33枝红玫瑰，少量绿叶','牛皮纸和深咖啡色条纹纸，银色缎带花结，魔力铁山灰包装盒','把你放在我的心里最好的位置，如同一位花园里的公主，每天幸福微笑。','10037.jpg',1,0,NULL,NULL,NULL,NULL,NULL),
(385,1,1,1,6,4,3,'嫁给我吧/红玫瑰','760','红玫瑰108枝','黑色条纹纸、爱是静默玻璃纸','有了你，所有的心酸和痛苦都不过如此。你是治愈我的良药，我想和你共度一生，你愿意嫁给我吗？','10039.jpg',0,0,NULL,NULL,NULL,NULL,NULL),
(386,4,1,1,6,3,3,'不变的承诺','569','99枝红玫瑰','黑色雪梨纸，黑色条纹纸，玻璃纸卷，酒红色缎带花结','下雨的时候，给她撑一把雨伞；寒冷的时候，给她一个温暖的臂弯；天黑了，永远有一盏灯为她点亮；晨起时，给她一缕温暖的阳光。爱她，就送她一束99枝的玫瑰花！','70001.jpg',0,0,NULL,NULL,NULL,NULL,NULL),
(387,4,3,1,4,2,3,'阳光灿烂','308','向日葵3枝、金枝玉叶黄玫瑰19枝、白色石竹梅5枝、绿色小雏菊2枝、栀子叶5枝','英文牛皮报纸2张、白蓝细条纹罗文带1米','阳光灿烂的日子，愿你天天有：如花般的灿烂笑容，如花般的缤纷心情！','70002.jpg',0,0,NULL,NULL,NULL,NULL,NULL),
(388,4,6,1,3,2,3,'暗香','238','香槟玫瑰11枝，黄玫瑰8枝，红豆3枝，适量叶上花,银叶菊（如当地红豆缺货，用相思梅等其他寓意相近配材','内层米黄色不织布，外层绿色人造纸，白咖色罗纹缎带','这久违的感觉，那熟悉的气息。悠悠的，淡淡的，是那样的清甜，是那样的芳香。\r\n使我陶醉，令我痴狂。亦悬似真，如梦如幻。仿佛在诉说她的恬静与夜的清凉。','70003.jpg',0,0,NULL,NULL,NULL,NULL,NULL),
(389,4,3,1,2,2,3,'请原谅我','329','白百合2枝、浅蓝绣球1枝、金枝玉叶黄玫瑰6枝、香槟玫瑰3枝、栀子叶0.5扎、跳舞兰6枝','深浅绿双面人造纸2张、深棕色缎带2米','黄色的玫瑰表示的是道歉的含义，用诚心换取TA的谅解，不用言语就能化解心中的不快。','70004.jpg',0,0,NULL,NULL,NULL,NULL,NULL),
(390,4,8,1,2,2,3,'重新遇见','308','白百合2枝、雪山白玫瑰7枝、紫色洋桔梗3枝、栀子叶0.3扎、叶上白2枝、粉色绣球1枝','深灰色OPP雾面纸1张、粉色OPP雾面纸1张、白蓝细条纹罗文带1.5米','如果时光还来得及，我想重新再遇见你。我想我会再次坠入你的眼眸里。','70005.jpg',0,0,NULL,NULL,NULL,NULL,NULL),
(391,4,3,1,3,2,3,'想你了','339','金枝玉叶黄玫瑰19枝、绿色小雏菊3枝、红豆4枝、紫色洋桔梗3枝、栀子叶0.3扎','黑色OPP雾面纸2张、浅紫色丝带1.5米','那些日子你会不会舍不得，思念就像关不紧的门，空气里有幸福的灰尘。','70006.jpg',0,0,NULL,NULL,NULL,NULL,NULL),
(392,4,6,1,6,4,3,'99的爱','639','香槟玫瑰99枝，尤加利适量','内层米白色平面纸，外层黄/绿双面人造纸','过程太美就像我第一次遇见你，你傻的可爱我也没想过会爱的彻底，这一天，99的爱给你，幸福永远！','70007.jpg',0,0,NULL,NULL,NULL,NULL,NULL),
(393,4,6,1,4,2,3,'常相伴','348','香槟玫瑰16枝，绿色康乃馨12枝，白色相思梅5枝，栀子叶1扎，叶上白8枝。长城干红葡萄酒1支','黑色手提花篮1个（花篮样式依城市不同稍有差异，以当地出货为准）','仿佛阳光扑入怀抱，拥抱一个全新世界。那里有温暖的阳光，醉人的花香...','70009.jpg',0,0,NULL,NULL,NULL,NULL,NULL),
(394,7,7,1,2,2,3,'圆满','206','红色/粉色/紫边康乃馨共6枝，红玫瑰7枝，粉香水百合2枝(5朵)，粉桔梗+叶上黄金+绿叶','有柄花篮一个','载着寓意希望的鲜花驶向快乐幸福的彼岸…… ','20001.jpg',NULL,0,NULL,NULL,NULL,NULL,NULL),
(395,7,6,1,2,1,3,'清风雅韵','169','香槟玫瑰12枝，迷你菊6枝，栀子叶半扎（如当地迷你菊缺货，用勿忘我或者石竹梅代替）','内层雾面纸，外层浅绿/深绿人造双面纸，白咖色罗纹带','迷你菊带来小确幸，玫瑰花邀来爱情！清似溪流涓涓水，风如三月杨柳絮。雅吟风骚诗千古，韵含真情吐芬芳。','20005.jpg',NULL,0,NULL,NULL,NULL,NULL,NULL),
(396,7,8,1,2,2,3,'阳光心情','339','10枝多头黄百合,黄莺适量搭配','蓝色平面纸圆形包装，拉菲草束扎','想着 我们曾一起跨过海边，想着 我们曾一起晒太阳。','20009.jpg',NULL,0,NULL,NULL,NULL,NULL,NULL),
(397,7,1,1,2,2,3,'永不褪色的爱','379','红玫瑰11枝、多头红玫瑰1扎、尤加利叶0.5扎、红掌2枝、小天使5片。长城解百纳1支。','黑色果篮1个（花篮样式依城市不同稍有差异，以当地出货为准）','时光易逝，容颜易改，而我对你的爱一如初见，历久弥新，永不褪色！挚爱一生，唇齿相依。','20015.jpg',NULL,0,NULL,NULL,NULL,NULL,NULL),
(402,1,NULL,NULL,NULL,NULL,1,'11112','1112','1111','1111','1111','1529476247350.jpg',NULL,0,'红玫瑰','111','红玫瑰','11','<p><img src=\"/ueditor/images/1009322582006173696.jpg\"/></p><p><img src=\"/ueditor/images/1009322582039728128.jpg\"/></p><p><img src=\"/ueditor/images/1009322582064893952.jpg\"/></p><p><br/></p><p>niannadfafd</p><p><br/></p>');

/*Table structure for table `flowers_intro` */

CREATE TABLE `flowers_intro` (
  `f_id` int(11) NOT NULL AUTO_INCREMENT,
  `f_name` varchar(50) DEFAULT NULL,
  `f_flowers_id` int(11) DEFAULT NULL,
  `f_moral` varchar(50) DEFAULT NULL,
  `f_original_price` varchar(10) DEFAULT NULL,
  `f_price` varchar(10) DEFAULT NULL,
  PRIMARY KEY (`f_id`)
) ENGINE=InnoDB AUTO_INCREMENT=4 DEFAULT CHARSET=utf8;

/*Data for the table `flowers_intro` */

insert  into `flowers_intro`(`f_id`,`f_name`,`f_flowers_id`,`f_moral`,`f_original_price`,`f_price`) values 
(1,'19枝红玫瑰',1,'唯属于你 | ONLY YOU','￥239','￥199.00'),
(2,'戴安娜粉玫瑰21枝',2,'不能不爱 | CAN\'T LOVE WITHOUT','￥335','￥279.00'),
(3,'10003.jpg',0,'你的轻柔像阵微风，让我从容不迫，想让你知道，我对你始终一往情深。','245','一往情深');

/*Table structure for table `flowers_introduce` */

CREATE TABLE `flowers_introduce` (
  `f_id` int(11) NOT NULL AUTO_INCREMENT,
  `f_Ename` varchar(20) DEFAULT NULL,
  `f_flowers_id` int(11) DEFAULT NULL,
  `f_flower_language` varchar(50) DEFAULT NULL,
  `f_materials` varchar(50) DEFAULT NULL,
  `f_distribution` varchar(50) DEFAULT NULL,
  `f_pack` varchar(50) DEFAULT NULL,
  PRIMARY KEY (`f_id`)
) ENGINE=InnoDB AUTO_INCREMENT=3 DEFAULT CHARSET=utf8;

/*Data for the table `flowers_introduce` */

insert  into `flowers_introduce`(`f_id`,`f_Ename`,`f_flowers_id`,`f_flower_language`,`f_materials`,`f_distribution`,`f_pack`) values 
(1,'only you',1,'无论在哪里，我的心唯属于你','19枝红玫瑰','19枝红玫瑰','黑色雪梨纸，黑色条纹纸，玻璃纸卷，酒红色缎带花结'),
(2,'Can\'t love without',2,'人生中的芳华，都是美妙的，是能够软化爱人的心灵，带给爱人','戴安娜粉玫瑰21枝','戴安娜粉玫瑰21枝，粉色桔梗5枝，石竹梅7枝','礼盒');

/*Table structure for table `forder` */

CREATE TABLE `forder` (
  `u_l_id` int(11) DEFAULT NULL,
  `p_id` int(11) DEFAULT NULL,
  `a_id` int(11) DEFAULT NULL,
  `f_time` timestamp NULL DEFAULT NULL,
  `f_note` varchar(50) DEFAULT NULL,
  `f_card` varchar(300) DEFAULT NULL,
  `f_oid` bigint(20) NOT NULL,
  `f_pway` int(11) DEFAULT '1',
  `f_otime` varchar(20) DEFAULT NULL,
  `f_price` varchar(20) DEFAULT NULL,
  `os_id` int(11) DEFAULT NULL,
  `f_wl` varchar(20) DEFAULT NULL,
  `r_id` int(11) DEFAULT NULL,
  PRIMARY KEY (`f_oid`),
  KEY `FK_Reference_11` (`a_id`),
  KEY `FK_Reference_9` (`p_id`),
  CONSTRAINT `FK_Reference_11` FOREIGN KEY (`a_id`) REFERENCES `postaddress` (`a_id`) ON DELETE CASCADE ON UPDATE CASCADE,
  CONSTRAINT `FK_Reference_9` FOREIGN KEY (`p_id`) REFERENCES `porder` (`p_id`) ON DELETE CASCADE ON UPDATE CASCADE
) ENGINE=InnoDB DEFAULT CHARSET=utf8;

/*Data for the table `forder` */

insert  into `forder`(`u_l_id`,`p_id`,`a_id`,`f_time`,`f_note`,`f_card`,`f_oid`,`f_pway`,`f_otime`,`f_price`,`os_id`,`f_wl`,`r_id`) values 
(1,3,1,'2018-06-14 00:00:00','订单备注你懂的','贺卡备注你懂的',1238,1,'2018-05-06 16:28:43','894.00',2,'12424241',1),
(1,1,1,'2018-06-14 00:00:00','订单备注你懂的','贺卡备注你懂的',12310,1,'2018-06-04 16:28:43','894.00',1,'234124124',2),
(1,3,1,'2018-06-14 00:00:00','订单备注你懂的','贺卡备注你懂的',12313,1,'2018-06-04 16:28:43','894.00',1,'234123412',1),
(1,1,1,'2018-06-14 00:00:00','订单备注你懂的','贺卡备注你懂的',12314,1,'2018-05-09 16:28:43','894.00',1,'43587883589',1),
(1,3,1,'2018-06-14 00:00:00','订单备注你懂的','贺卡备注你懂的',12315,1,'2017-04-04 16:28:43','894.00',1,'234123412',1),
(1,1,1,'2018-06-14 00:00:00','订单备注你懂的','贺卡备注你懂的',12316,1,'2018-06-05 16:28:43','894.00',1,'212413423',1),
(2,1,1,'2018-06-14 00:00:00','订单备注你懂的','贺卡备注你懂的',12317,1,'2018-06-08 16:28:43','894.00',1,'314234234',1),
(1,1,NULL,NULL,NULL,NULL,1529475602901,1,NULL,NULL,NULL,NULL,NULL),
(1,1,NULL,NULL,NULL,NULL,1529475604700,1,NULL,NULL,NULL,NULL,NULL),
(1,3,1,'2018-06-14 00:00:00','订单备注你懂的','贺卡备注你懂的',152810108189915,1,'2018-05-09 16:28:43','894.00',1,'1234143214',1),
(1,4,1,'2018-06-14 00:00:00','订单备注你懂的','贺卡备注你懂的',152810108189916,1,'2018-06-18 16:28:43','894.00',1,'12432432423',1),
(1,2,1,'2018-06-14 00:00:00','订单备注你懂的','贺卡备注你懂的',152810108189917,1,'2018-06-02 16:28:43','894.00',1,'134132145654',1),
(1,1,1,'2018-06-14 00:00:00','订单备注你懂的','贺卡备注你懂的',152827312665215,1,'2018-06-10 16:28:43','894.00',1,'43587883589',1),
(1,1,1,'2018-06-14 00:00:00','订单备注你懂的','贺卡备注你懂的',152852439393015,1,'2018-06-04 16:28:43','894.00',1,'2324637443246',1),
(1,1,2,'2018-06-21 00:00:00','','asd',152946783173815,1,'2018-06-20 12:10:31','298.00',1,'1',1),
(1,1,2,'2018-06-21 00:00:00','','asd',152946783588215,1,'2018-06-20 12:10:35','298.00',1,'1',1),
(1,1,2,'2018-06-21 00:00:00','','asd',152946783814615,1,'2018-06-20 12:10:38','298.00',1,'1',1),
(1,1,2,'2018-06-21 00:00:00','','asd',152946783907315,1,'2018-06-20 12:10:39','298.00',1,'1',1),
(1,1,2,'2018-06-21 00:00:00','','asd',152946783971415,1,'2018-06-20 12:10:39','298.00',1,'1',1),
(1,1,2,'2018-06-21 00:00:00','','asd',152946784232215,2,'2018-06-20 12:10:42','298.00',1,'1',1),
(1,1,2,'2018-06-21 00:00:00','','asd',152946784295415,2,'2018-06-20 12:10:42','298.00',1,'1',1),
(1,1,1,'2018-06-13 00:00:00','1111','1111',152947000752215,NULL,'2018-06-20 12:46:47','894.00',1,'1',1),
(1,1,1,'2018-06-13 00:00:00','1111','1111',152947000808315,NULL,'2018-06-20 12:46:48','894.00',1,'1',1),
(1,1,1,'2018-06-13 00:00:00','1111','1111',152947000829115,NULL,'2018-06-20 12:46:48','894.00',1,'1',1),
(1,1,1,'2018-06-13 00:00:00','1111','1111',152947000846615,NULL,'2018-06-20 12:46:48','894.00',1,'1',1),
(1,1,1,'2018-06-13 00:00:00','1111','1111',152947001220315,1,'2018-06-20 12:46:52','894.00',1,'1',1),
(1,1,1,'2018-06-13 00:00:00','1111','1111',152947001273815,1,'2018-06-20 12:46:52','894.00',1,'1',1),
(1,1,1,'2018-06-13 00:00:00','1111','1111',152947001296215,1,'2018-06-20 12:46:52','894.00',1,'1',1),
(1,1,1,'2018-06-13 00:00:00','1111','1111',152947001315515,1,'2018-06-20 12:46:53','894.00',1,'1',1),
(1,1,1,'2018-06-13 00:00:00','1111','1111',152947024130615,1,'2018-06-20 12:50:41','894.00',1,'1',1),
(1,1,1,'2018-06-13 00:00:00','1111','1111',152947024192215,1,'2018-06-20 12:50:41','894.00',1,'1',1),
(1,1,1,'2018-06-13 00:00:00','1111','1111',152947024212215,1,'2018-06-20 12:50:42','894.00',1,'1',1),
(1,1,1,'2018-06-13 00:00:00','1111','1111',152947024230615,1,'2018-06-20 12:50:42','894.00',1,'1',1),
(1,1,1,'2018-06-13 00:00:00','1111','1111',152947024332215,1,'2018-06-20 12:50:43','894.00',1,'1',1),
(1,1,1,'2018-06-21 00:00:00','111','111',152947038488215,1,'2018-06-20 12:53:04','894.00',1,'1',1),
(1,1,1,'2018-06-28 00:00:00','1111','111',152947090128115,1,'2018-06-20 13:01:41','894.00',1,'1',1),
(1,1,1,'2018-06-20 00:00:00','111','111',152947096533615,1,'2018-06-20 13:02:45','894.00',1,'1',1),
(1,1,1,'2018-06-20 00:00:00','111','111',152947096634415,1,'2018-06-20 13:02:46','894.00',1,'1',1),
(1,1,1,'2018-06-20 00:00:00','111','111',152947096652815,1,'2018-06-20 13:02:46','894.00',1,'1',1),
(1,1,1,'2018-06-20 00:00:00','111','111',152947096670515,1,'2018-06-20 13:02:46','894.00',1,'1',1),
(1,1,1,'2018-06-20 00:00:00','111','111',152947096689615,1,'2018-06-20 13:02:46','894.00',1,'1',1),
(1,1,1,'2018-06-20 00:00:00','111','111',152947096752815,1,'2018-06-20 13:02:47','894.00',1,'1',1),
(NULL,1,1,'2018-06-20 00:00:00','111','111',152947096768815,1,'2018-06-20 13:02:47','894.00',1,'1',1),
(NULL,1,1,'2018-06-20 00:00:00','111','111',152947096787215,1,'2018-06-20 13:02:47','894.00',1,'1',1),
(NULL,1,1,'2018-06-20 00:00:00','111','111',152947106491115,1,'2018-06-20 13:04:24','894.00',1,'1',1),
(NULL,1,1,'2018-06-20 00:00:00','111','111',152947106543915,1,'2018-06-20 13:04:25','894.00',1,'1',1),
(NULL,1,1,'2018-06-20 00:00:00','111','111',152947106563915,1,'2018-06-20 13:04:25','894.00',1,'1',1),
(1,2,1,'2018-06-20 00:00:00','11','111',152947110374415,NULL,'2018-06-20 13:05:03','894.00',1,'1',1),
(1,1,1,'2018-06-29 00:00:00','qwe','wqewqe',152947541032115,NULL,'2018-06-20 14:16:50','298.00',1,'1',1),
(1,2,1,'2018-06-29 00:00:00','qwe','wqewqe',152947541874615,1,'2018-06-20 14:16:58','298.00',1,'1',1);

/*Table structure for table `ftype` */

CREATE TABLE `ftype` (
  `t_id` int(11) NOT NULL AUTO_INCREMENT,
  `t_name` varchar(20) DEFAULT NULL,
  PRIMARY KEY (`t_id`)
) ENGINE=InnoDB AUTO_INCREMENT=9 DEFAULT CHARSET=utf8;

/*Data for the table `ftype` */

insert  into `ftype`(`t_id`,`t_name`) values 
(1,'红玫瑰'),
(2,'白玫瑰'),
(3,'黄玫瑰'),
(4,'粉玫瑰'),
(5,'紫玫瑰'),
(6,'香槟玫瑰'),
(7,'康乃馨'),
(8,'百合');

/*Table structure for table `grade` */

CREATE TABLE `grade` (
  `g_id` int(11) NOT NULL,
  `g_gs` varchar(10) DEFAULT NULL,
  PRIMARY KEY (`g_id`)
) ENGINE=InnoDB DEFAULT CHARSET=utf8;

/*Data for the table `grade` */

insert  into `grade`(`g_id`,`g_gs`) values 
(1,'注册会员'),
(2,'铜牌会员'),
(3,'银牌会员'),
(4,'金牌会员');

/*Table structure for table `ibanner` */

CREATE TABLE `ibanner` (
  `i_id` int(11) NOT NULL AUTO_INCREMENT,
  `i_url` varchar(30) DEFAULT NULL,
  `i_word` varchar(100) DEFAULT NULL,
  PRIMARY KEY (`i_id`)
) ENGINE=InnoDB AUTO_INCREMENT=4 DEFAULT CHARSET=utf8;

/*Data for the table `ibanner` */

insert  into `ibanner`(`i_id`,`i_url`,`i_word`) values 
(1,'banner5.jpg',NULL),
(2,'banner1.jpg',NULL),
(3,'banner2.png',NULL);

/*Table structure for table `index_reserve` */

CREATE TABLE `index_reserve` (
  `ir-id` int(11) DEFAULT NULL,
  `ir_h1` varchar(100) DEFAULT NULL,
  `ir_h4` varchar(100) DEFAULT NULL,
  `ir_p` varchar(100) DEFAULT NULL
) ENGINE=InnoDB DEFAULT CHARSET=utf8;

/*Data for the table `index_reserve` */

insert  into `index_reserve`(`ir-id`,`ir_h1`,`ir_h4`,`ir_p`) values 
(1,'网上订花','$298起','庭阁花店的微商城提供快捷便利的网上订花业务，您可以选择方便的时间进行速递，无论送礼还是自用，庭阁花店总能提供良好的购物体验和不同一般的高端品牌服务。'),
(2,'鲜花选择','$300起','鲜花作为情人节最浪漫的礼物，在情人节、七夕节等节日，被人们当做表达爱意的首选礼物。庭阁给您好的建议，让您选择的每一束花都符合自己的心意。'),
(3,'花艺培训','$400起','庭阁培训致力于花艺文化的传播，大力引进港澳台和海外各派的专业花艺课程，为零基础和有花艺基础且渴望进修的学员提供使用的初中高级花艺课程。');

/*Table structure for table `information` */

CREATE TABLE `information` (
  `i_id` int(11) NOT NULL AUTO_INCREMENT,
  `i_adim` varchar(10) DEFAULT NULL,
  `i_tel` varchar(11) DEFAULT NULL,
  `i_adress` varchar(20) DEFAULT NULL,
  `i_status` varchar(2) DEFAULT NULL,
  PRIMARY KEY (`i_id`)
) ENGINE=InnoDB AUTO_INCREMENT=3 DEFAULT CHARSET=utf8;

/*Data for the table `information` */

insert  into `information`(`i_id`,`i_adim`,`i_tel`,`i_adress`,`i_status`) values 
(1,'溜','15928839395','四川省成都市高新区云华路333号','1'),
(2,'23423','15928878694','四川省成都市高新区候','1');

/*Table structure for table `login` */

CREATE TABLE `login` (
  `l_id` int(11) NOT NULL AUTO_INCREMENT,
  `l_tel` varchar(20) DEFAULT NULL,
  `l_pwd` varchar(20) DEFAULT NULL,
  PRIMARY KEY (`l_id`)
) ENGINE=InnoDB AUTO_INCREMENT=6 DEFAULT CHARSET=utf8;

/*Data for the table `login` */

insert  into `login`(`l_id`,`l_tel`,`l_pwd`) values 
(1,'18227593715','123456'),
(2,'13568494622','123456'),
(4,'admin','admin'),
(5,'18980717859','123456789');

/*Table structure for table `nowshop` */

CREATE TABLE `nowshop` (
  `f_id` int(11) DEFAULT NULL,
  `f_oid` bigint(20) DEFAULT NULL,
  `n_num` int(11) DEFAULT NULL,
  `n_price` varchar(20) DEFAULT NULL,
  `u_l_id` int(11) DEFAULT NULL,
  KEY `FK_Reference_23` (`f_id`),
  KEY `f_oid` (`f_oid`),
  CONSTRAINT `FK_Reference_23` FOREIGN KEY (`f_id`) REFERENCES `flowers` (`f_id`) ON DELETE CASCADE ON UPDATE CASCADE,
  CONSTRAINT `nowshop_ibfk_1` FOREIGN KEY (`f_oid`) REFERENCES `forder` (`f_oid`) ON DELETE CASCADE ON UPDATE CASCADE
) ENGINE=InnoDB DEFAULT CHARSET=utf8;

/*Data for the table `nowshop` */

insert  into `nowshop`(`f_id`,`f_oid`,`n_num`,`n_price`,`u_l_id`) values 
(1,152810108189915,3,'894.00',1),
(1,152810108189916,5,'894.00',1),
(2,152810108189917,5,'894.00',1),
(2,152827312665215,2,'894.00',1),
(3,152852439393015,3,'894.00',1),
(4,1238,3,'894.00',1),
(6,12310,4,'894.00',1),
(3,12315,3,'894.00',1),
(10,12316,3,'894.00',1),
(9,12316,2,'894.00',2);

/*Table structure for table `object` */

CREATE TABLE `object` (
  `o_id` int(11) NOT NULL AUTO_INCREMENT,
  `o_name` varchar(20) DEFAULT NULL,
  PRIMARY KEY (`o_id`)
) ENGINE=InnoDB AUTO_INCREMENT=5 DEFAULT CHARSET=utf8;

/*Data for the table `object` */

insert  into `object`(`o_id`,`o_name`) values 
(1,'恋人'),
(2,'爱人'),
(3,'好友'),
(4,'长辈');

/*Table structure for table `order_add` */

CREATE TABLE `order_add` (
  `f_oid` bigint(20) DEFAULT NULL,
  `oa_area` varchar(100) DEFAULT NULL,
  `oa_plea` varchar(200) DEFAULT NULL,
  `oa_name` varchar(20) DEFAULT NULL,
  `oa_photo` varchar(20) DEFAULT NULL,
  `oa_adim` varchar(20) DEFAULT NULL,
  `oa_tel` varchar(20) DEFAULT NULL,
  `oa_em` varchar(50) DEFAULT NULL,
  `oa_status` varchar(20) DEFAULT '1',
  `i_id` int(11) DEFAULT NULL,
  KEY `FK_Reference_27` (`f_oid`),
  CONSTRAINT `FK_Reference_27` FOREIGN KEY (`f_oid`) REFERENCES `forder` (`f_oid`) ON DELETE CASCADE ON UPDATE CASCADE
) ENGINE=InnoDB DEFAULT CHARSET=utf8;

/*Data for the table `order_add` */

insert  into `order_add`(`f_oid`,`oa_area`,`oa_plea`,`oa_name`,`oa_photo`,`oa_adim`,`oa_tel`,`oa_em`,`oa_status`,`i_id`) values 
(152810108189915,'四川省成都市高新区',NULL,NULL,NULL,'谢迟','15928839395','1231312','1',1),
(152810108189916,'四川省成都市高新区',NULL,NULL,NULL,'银匠','15928878694','1231312','1',1),
(152810108189917,'四川省成都市高新区',NULL,NULL,NULL,'爵爷','18008080800','1231312','1',1),
(152827312665215,'四川省成都市高新区',NULL,NULL,NULL,'檀木','15928839123','1231312','1',1),
(152852439393015,'四川省成都市高新区',NULL,NULL,NULL,'刘双','15928812345','1231312','1',1),
(1238,'四川省成都市高新区',NULL,NULL,NULL,'叶蝉','15928888888','1231312','1',1),
(12310,'四川省成都市高新区',NULL,NULL,NULL,'12414','15900006543','1231312','1',1),
(12315,'四川省成都市高新区',NULL,NULL,NULL,'元晋','15928839234','1231312','1',1),
(12316,'四川省成都市高新区',NULL,NULL,NULL,'傅茂川','15928812312','1231312','1',1),
(12317,'四川省成都市高新区',NULL,NULL,NULL,'广恩伯','15928123124','1231312','1',1);

/*Table structure for table `orderstatus` */

CREATE TABLE `orderstatus` (
  `os_id` int(11) DEFAULT NULL,
  `os_st` varchar(5) DEFAULT NULL
) ENGINE=InnoDB DEFAULT CHARSET=utf8;

/*Data for the table `orderstatus` */

insert  into `orderstatus`(`os_id`,`os_st`) values 
(3,'已取消'),
(4,'已完成'),
(1,'未确认'),
(2,'已确认');

/*Table structure for table `player` */

CREATE TABLE `player` (
  `p_id` int(11) NOT NULL AUTO_INCREMENT,
  `p_playname` char(10) NOT NULL,
  `p_order` char(10) DEFAULT '10',
  `p_power` char(5) DEFAULT NULL,
  PRIMARY KEY (`p_id`)
) ENGINE=InnoDB AUTO_INCREMENT=5 DEFAULT CHARSET=utf8;

/*Data for the table `player` */

insert  into `player`(`p_id`,`p_playname`,`p_order`,`p_power`) values 
(3,'test','10','false'),
(4,'管理员','10','true');

/*Table structure for table `porder` */

CREATE TABLE `porder` (
  `p_id` int(11) NOT NULL AUTO_INCREMENT,
  `p_state` varchar(10) DEFAULT NULL,
  `p_status` varchar(5) DEFAULT '未支付',
  `p_ps` varchar(5) DEFAULT '未发货',
  PRIMARY KEY (`p_id`)
) ENGINE=InnoDB AUTO_INCREMENT=6 DEFAULT CHARSET=utf8;

/*Data for the table `porder` */

insert  into `porder`(`p_id`,`p_state`,`p_status`,`p_ps`) values 
(1,'等待买家付款','未支付','未发货'),
(2,'待收货','已支付','已发货'),
(3,'已收货','已支付','已发货'),
(4,'待发货','已支付','未发货'),
(5,'申请退款','已退款','未发货');

/*Table structure for table `postaddress` */

CREATE TABLE `postaddress` (
  `a_id` int(11) NOT NULL AUTO_INCREMENT,
  `a_area` varchar(50) DEFAULT NULL,
  `a_areas` varchar(100) DEFAULT NULL,
  `a_user` varchar(20) DEFAULT NULL,
  `a_phone` int(11) DEFAULT NULL,
  PRIMARY KEY (`a_id`)
) ENGINE=InnoDB AUTO_INCREMENT=3 DEFAULT CHARSET=utf8;

/*Data for the table `postaddress` */

insert  into `postaddress`(`a_id`,`a_area`,`a_areas`,`a_user`,`a_phone`) values 
(1,'四川省成都市高新区','云华路333号','12',1234),
(2,'黑龙江省鸡西市密山市','新民街','张三',123456);

/*Table structure for table `price` */

CREATE TABLE `price` (
  `pc_id` int(11) NOT NULL AUTO_INCREMENT,
  `pc_pr` varchar(10) DEFAULT NULL,
  PRIMARY KEY (`pc_id`)
) ENGINE=InnoDB AUTO_INCREMENT=7 DEFAULT CHARSET=utf8;

/*Data for the table `price` */

insert  into `price`(`pc_id`,`pc_pr`) values 
(1,'99-199'),
(2,'200-399'),
(3,'400-599'),
(4,'600-799'),
(5,'800-999'),
(6,'1000以上');

/*Table structure for table `printedrecord` */

CREATE TABLE `printedrecord` (
  `r_id` int(11) DEFAULT NULL,
  `r_st` varchar(5) DEFAULT NULL,
  `r_u` varchar(10) DEFAULT 'admin'
) ENGINE=InnoDB DEFAULT CHARSET=utf8;

/*Data for the table `printedrecord` */

insert  into `printedrecord`(`r_id`,`r_st`,`r_u`) values 
(1,'未打印','admin'),
(2,'已打印','admin');

/*Table structure for table `production` */

CREATE TABLE `production` (
  `pro_id` int(11) NOT NULL AUTO_INCREMENT,
  `pro_url` char(50) DEFAULT NULL,
  PRIMARY KEY (`pro_id`)
) ENGINE=InnoDB AUTO_INCREMENT=9 DEFAULT CHARSET=utf8;

/*Data for the table `production` */

insert  into `production`(`pro_id`,`pro_url`) values 
(1,'picture1.jpg'),
(2,'picture2.jpg'),
(3,'picture3.jpg'),
(4,'picture4.jpg'),
(5,'picture5.jpg'),
(6,'picture6.jpg'),
(7,'picture7.jpg'),
(8,'picture8.jpg');

/*Table structure for table `refund` */

CREATE TABLE `refund` (
  `r_id` int(11) DEFAULT NULL,
  `r_ls` varchar(5) DEFAULT NULL,
  `f_oid` varchar(20) DEFAULT NULL,
  `u_l_id` int(11) DEFAULT NULL,
  `r_time` varchar(20) DEFAULT NULL,
  `r_status` varchar(5) DEFAULT '待审核',
  `r_yy` varchar(30) DEFAULT NULL
) ENGINE=InnoDB DEFAULT CHARSET=utf8;

/*Data for the table `refund` */

insert  into `refund`(`r_id`,`r_ls`,`f_oid`,`u_l_id`,`r_time`,`r_status`,`r_yy`) values 
(1,'14883','152852439393015',1,'2017-03-01 09:51:17','待审核',NULL),
(2,'14926','152827312665215',1,'2017-04-20 16:34:17','已审核',NULL);

/*Table structure for table `selectimg` */

CREATE TABLE `selectimg` (
  `c_id` int(11) DEFAULT NULL,
  `se_id` int(11) DEFAULT NULL,
  `se_url` varchar(30) DEFAULT NULL,
  KEY `FK_Reference_19` (`c_id`),
  CONSTRAINT `FK_Reference_19` FOREIGN KEY (`c_id`) REFERENCES `classi` (`c_id`) ON DELETE CASCADE ON UPDATE CASCADE
) ENGINE=InnoDB DEFAULT CHARSET=utf8;

/*Data for the table `selectimg` */

insert  into `selectimg`(`c_id`,`se_id`,`se_url`) values 
(1,1,'list-banner1.jpg'),
(1,2,'list-banner2.png'),
(2,3,'list-banner3.png'),
(2,4,'list-banner4.png'),
(3,5,'list-banner5.png'),
(3,6,'list-banner6.png');

/*Table structure for table `shop` */

CREATE TABLE `shop` (
  `f_id` int(11) NOT NULL,
  `u_l_id` int(11) DEFAULT NULL,
  `s_num` int(11) DEFAULT NULL,
  `s_fp` varchar(10) DEFAULT NULL,
  PRIMARY KEY (`f_id`),
  KEY `FK_Reference_20` (`u_l_id`),
  CONSTRAINT `FK_Reference_14` FOREIGN KEY (`f_id`) REFERENCES `flowers` (`f_id`) ON DELETE CASCADE ON UPDATE CASCADE,
  CONSTRAINT `FK_Reference_20` FOREIGN KEY (`u_l_id`) REFERENCES `users` (`u_l_id`) ON DELETE CASCADE ON UPDATE CASCADE
) ENGINE=InnoDB DEFAULT CHARSET=utf8;

/*Data for the table `shop` */

insert  into `shop`(`f_id`,`u_l_id`,`s_num`,`s_fp`) values 
(2,2,3,'3'),
(3,1,4,'5'),
(4,1,2,'3'),
(5,1,2,'5'),
(6,1,3,'2');

/*Table structure for table `shoporder` */

CREATE TABLE `shoporder` (
  `f_id` int(11) DEFAULT NULL,
  `f_oid` bigint(20) DEFAULT NULL,
  `n_num` int(11) DEFAULT NULL,
  `n_price` varchar(20) DEFAULT NULL,
  `n_l_id` int(11) DEFAULT NULL,
  KEY `FK_Reference_21` (`f_id`),
  KEY `FK_Reference_22` (`f_oid`),
  CONSTRAINT `FK_Reference_21` FOREIGN KEY (`f_id`) REFERENCES `shop` (`f_id`) ON DELETE CASCADE ON UPDATE CASCADE,
  CONSTRAINT `FK_Reference_22` FOREIGN KEY (`f_oid`) REFERENCES `forder` (`f_oid`) ON DELETE CASCADE ON UPDATE CASCADE
) ENGINE=InnoDB DEFAULT CHARSET=utf8;

/*Data for the table `shoporder` */

/*Table structure for table `situation` */

CREATE TABLE `situation` (
  `s_id` int(11) NOT NULL AUTO_INCREMENT,
  `s_name` varchar(20) DEFAULT NULL,
  PRIMARY KEY (`s_id`)
) ENGINE=InnoDB AUTO_INCREMENT=8 DEFAULT CHARSET=utf8;

/*Data for the table `situation` */

insert  into `situation`(`s_id`,`s_name`) values 
(1,'爱情鲜花'),
(2,'婚庆鲜花'),
(3,'哀思鲜花'),
(4,'道歉鲜花'),
(5,'商务鲜花'),
(6,'生日鲜花'),
(7,'探病慰问');

/*Table structure for table `sjzd` */

CREATE TABLE `sjzd` (
  `s_id` int(11) NOT NULL AUTO_INCREMENT,
  `s_name` char(30) DEFAULT NULL,
  `z_name` char(30) DEFAULT NULL,
  `s_order` int(11) DEFAULT '10',
  PRIMARY KEY (`s_id`)
) ENGINE=InnoDB AUTO_INCREMENT=8 DEFAULT CHARSET=utf8;

/*Data for the table `sjzd` */

/*Table structure for table `spec` */

CREATE TABLE `spec` (
  `sp_id` int(11) NOT NULL AUTO_INCREMENT,
  `sp_name` varchar(20) DEFAULT NULL,
  PRIMARY KEY (`sp_id`)
) ENGINE=InnoDB AUTO_INCREMENT=7 DEFAULT CHARSET=utf8;

/*Data for the table `spec` */

insert  into `spec`(`sp_id`,`sp_name`) values 
(1,'0-9枝'),
(2,'10-19枝'),
(3,'20-29枝'),
(4,'30-49枝'),
(5,'50-69枝'),
(6,'70枝以上');

/*Table structure for table `userlevel` */

CREATE TABLE `userlevel` (
  `u_id` int(11) NOT NULL AUTO_INCREMENT,
  `u_level` char(10) DEFAULT NULL,
  `u_jf` char(10) DEFAULT NULL,
  `u_zk` char(20) DEFAULT NULL,
  PRIMARY KEY (`u_id`)
) ENGINE=InnoDB AUTO_INCREMENT=10 DEFAULT CHARSET=utf8;

/*Data for the table `userlevel` */

insert  into `userlevel`(`u_id`,`u_level`,`u_jf`,`u_zk`) values 
(8,'2','2','7'),
(9,'3','3','3');

/*Table structure for table `userlog` */

CREATE TABLE `userlog` (
  `u_user` varchar(20) DEFAULT NULL,
  `u_pass` varchar(30) DEFAULT NULL
) ENGINE=InnoDB DEFAULT CHARSET=utf8;

/*Data for the table `userlog` */

insert  into `userlog`(`u_user`,`u_pass`) values 
('admin','123');

/*Table structure for table `users` */

CREATE TABLE `users` (
  `u_l_id` int(11) NOT NULL AUTO_INCREMENT,
  `g_id` int(11) DEFAULT NULL,
  `u_name` varchar(15) DEFAULT 'defHeadImg.jpg',
  `u_url` varchar(30) DEFAULT NULL,
  `u_bir` varchar(10) DEFAULT NULL,
  `u_realName` varchar(50) DEFAULT NULL,
  `u_mail` varchar(50) DEFAULT NULL,
  `u_sex` varchar(5) DEFAULT NULL,
  `u_huab` int(11) DEFAULT '0',
  `u_adress` varchar(200) DEFAULT NULL,
  `u_level` varchar(50) DEFAULT '普通会员',
  `u_jy` varchar(10) DEFAULT '否',
  PRIMARY KEY (`u_l_id`),
  KEY `FK_Reference_12` (`g_id`),
  CONSTRAINT `FK_Reference_12` FOREIGN KEY (`g_id`) REFERENCES `grade` (`g_id`) ON DELETE CASCADE ON UPDATE CASCADE,
  CONSTRAINT `FK_user_login` FOREIGN KEY (`u_l_id`) REFERENCES `login` (`l_id`) ON DELETE CASCADE ON UPDATE CASCADE
) ENGINE=InnoDB AUTO_INCREMENT=3 DEFAULT CHARSET=utf8;

/*Data for the table `users` */

insert  into `users`(`u_l_id`,`g_id`,`u_name`,`u_url`,`u_bir`,`u_realName`,`u_mail`,`u_sex`,`u_huab`,`u_adress`,`u_level`,`u_jy`) values 
(1,1,'2323','1529475132826_small.png','1999-08-08','顺风',NULL,'男',0,'成都','普通会员','否'),
(2,1,'13568494622','defHeadImg.jpg',NULL,NULL,NULL,NULL,0,NULL,'普通会员','否');

/*Table structure for table `zdlx` */

CREATE TABLE `zdlx` (
  `z_id` int(11) NOT NULL AUTO_INCREMENT,
  `z_name` char(30) DEFAULT NULL,
  PRIMARY KEY (`z_id`)
) ENGINE=InnoDB AUTO_INCREMENT=14 DEFAULT CHARSET=utf8;

/*Data for the table `zdlx` */

/*!40101 SET SQL_MODE=@OLD_SQL_MODE */;
/*!40014 SET FOREIGN_KEY_CHECKS=@OLD_FOREIGN_KEY_CHECKS */;
/*!40014 SET UNIQUE_CHECKS=@OLD_UNIQUE_CHECKS */;
/*!40111 SET SQL_NOTES=@OLD_SQL_NOTES */;
SET FOREIGN_KEY_CHECKS=1;